<?xml version="1.0" encoding="UTF-8"?>

<FLOW VERSION="3.0" CLEANUP="true">
  <COMMENT></COMMENT>

  <!-- nodes -->

<BRANCH TIMEOUT="" SWITCH="/dataAccessMode">
  <COMMENT></COMMENT>

  <!-- nodes -->

<SEQUENCE NAME="Adabas" TIMEOUT="" EXIT-ON="FAILURE">
  <COMMENT></COMMENT>

  <!-- nodes -->

<INVOKE TIMEOUT="" SERVICE="WmPF_Legacy.Connections.AdabaseSG.Orders_.connectors:list" VALIDATE-IN="$none" VALIDATE-OUT="$none">
  <COMMENT></COMMENT>

  <!-- nodes -->

<MAP MODE="INPUT">
  <MAPTARGET>

<Values version="2.0">
  <record name="xml" javaclass="com.wm.util.Values">
    <value name="node_type">record</value>
    <value name="field_type">recref</value>
    <value name="field_dim">0</value>
    <value name="nillable">true</value>
    <value name="rec_ref">WmPF_Legacy.Connections.AdabaseSG.Orders_.docTypes:listRequest</value>
    <array name="rec_fields" type="record" depth="1">
      <record javaclass="com.wm.util.Values">
        <value name="node_type">record</value>
        <value name="field_name">asg:ORDER2CASH_ORDERListElement</value>
        <value name="field_type">recref</value>
        <value name="field_dim">0</value>
        <value name="field_opt">true</value>
        <value name="nillable">true</value>
        <value name="field_xmlns">com.SOAGateway/ORDER2CASH_ORDER</value>
        <value name="rec_closed">true</value>
        <record name="svc_universal_name" javaclass="com.wm.util.Values">
          <value name="xmlns">com.SOAGateway/ORDER2CASH_ORDER</value>
          <value name="ncName">ORDER2CASH_ORDERListElement</value>
        </record>
        <value name="rec_ref">WmPF_Legacy.Connections.AdabaseSG.Orders_.docTypes:docTypeRef_asg_ORDER2CASH_ORDERKeyType</value>
      </record>
      <record javaclass="com.wm.util.Values">
        <value name="node_type">record</value>
        <value name="field_name">auth</value>
        <value name="field_type">record</value>
        <value name="field_dim">0</value>
        <value name="field_opt">true</value>
        <value name="nillable">true</value>
        <array name="rec_fields" type="record" depth="1">
          <record javaclass="com.wm.util.Values">
            <value name="node_type">record</value>
            <value name="field_name">transport</value>
            <value name="field_type">record</value>
            <value name="field_dim">0</value>
            <value name="field_opt">true</value>
            <value name="nillable">true</value>
            <array name="rec_fields" type="record" depth="1">
              <record javaclass="com.wm.util.Values">
                <value name="node_type">unknown</value>
                <value name="field_name">type</value>
                <value name="field_type">string</value>
                <value name="field_dim">0</value>
                <value name="field_opt">true</value>
                <value name="nillable">true</value>
              </record>
              <record javaclass="com.wm.util.Values">
                <value name="node_type">unknown</value>
                <value name="field_name">user</value>
                <value name="field_type">string</value>
                <value name="field_dim">0</value>
                <value name="field_opt">true</value>
                <value name="nillable">true</value>
              </record>
              <record javaclass="com.wm.util.Values">
                <value name="node_type">unknown</value>
                <record name="node_hints" javaclass="com.wm.util.Values">
                  <value name="field_password">true</value>
                </record>
                <value name="field_name">pass</value>
                <value name="field_type">string</value>
                <value name="field_dim">0</value>
                <value name="field_opt">true</value>
                <value name="nillable">true</value>
              </record>
              <record javaclass="com.wm.util.Values">
                <value name="node_type">record</value>
                <value name="field_name">serverCerts</value>
                <value name="field_type">record</value>
                <value name="field_dim">0</value>
                <value name="field_opt">true</value>
                <value name="nillable">true</value>
                <array name="rec_fields" type="record" depth="1">
                  <record javaclass="com.wm.util.Values">
                    <value name="node_type">unknown</value>
                    <value name="field_name">privateKey</value>
                    <value name="field_type">object</value>
                    <value name="field_dim">0</value>
                    <value name="nillable">true</value>
                  </record>
                  <record javaclass="com.wm.util.Values">
                    <value name="node_type">unknown</value>
                    <value name="field_name">certChain</value>
                    <value name="field_type">object</value>
                    <value name="field_dim">1</value>
                    <value name="nillable">true</value>
                  </record>
                </array>
                <value name="rec_closed">true</value>
              </record>
            </array>
            <value name="rec_closed">true</value>
          </record>
          <record javaclass="com.wm.util.Values">
            <value name="node_type">record</value>
            <value name="field_name">message</value>
            <value name="field_type">record</value>
            <value name="field_dim">0</value>
            <value name="field_opt">true</value>
            <value name="nillable">true</value>
            <array name="rec_fields" type="record" depth="1">
              <record javaclass="com.wm.util.Values">
                <value name="node_type">unknown</value>
                <value name="field_name">user</value>
                <value name="field_type">string</value>
                <value name="field_dim">0</value>
                <value name="field_opt">true</value>
                <value name="nillable">true</value>
              </record>
              <record javaclass="com.wm.util.Values">
                <value name="node_type">unknown</value>
                <record name="node_hints" javaclass="com.wm.util.Values">
                  <value name="field_password">true</value>
                </record>
                <value name="field_name">pass</value>
                <value name="field_type">string</value>
                <value name="field_dim">0</value>
                <value name="field_opt">true</value>
                <value name="nillable">true</value>
              </record>
              <record javaclass="com.wm.util.Values">
                <value name="node_type">record</value>
                <value name="field_name">serverCerts</value>
                <value name="field_type">record</value>
                <value name="field_dim">0</value>
                <value name="field_opt">true</value>
                <value name="nillable">true</value>
                <array name="rec_fields" type="record" depth="1">
                  <record javaclass="com.wm.util.Values">
                    <value name="node_type">unknown</value>
                    <value name="field_name">privateKey</value>
                    <value name="field_type">object</value>
                    <value name="field_dim">0</value>
                    <value name="nillable">true</value>
                  </record>
                  <record javaclass="com.wm.util.Values">
                    <value name="node_type">unknown</value>
                    <value name="field_name">certChain</value>
                    <value name="field_type">object</value>
                    <value name="field_dim">1</value>
                    <value name="nillable">true</value>
                  </record>
                </array>
                <value name="rec_closed">true</value>
              </record>
              <record javaclass="com.wm.util.Values">
                <value name="node_type">unknown</value>
                <value name="field_name">partnerCert</value>
                <value name="field_type">object</value>
                <value name="field_dim">0</value>
                <value name="field_opt">true</value>
                <value name="nillable">true</value>
              </record>
            </array>
            <value name="rec_closed">true</value>
          </record>
        </array>
        <value name="rec_closed">true</value>
      </record>
      <record javaclass="com.wm.util.Values">
        <value name="node_type">record</value>
        <value name="node_nsName">WmPF_ETS_MyPhone.adabas_SOA.mainframe_Orders_.docTypes:XMiddLeHeader</value>
        <value name="field_name">XMiddLeHeader</value>
        <value name="field_type">record</value>
        <value name="field_dim">0</value>
        <value name="field_opt">true</value>
        <value name="nillable">true</value>
        <array name="rec_fields" type="record" depth="1">
          <record javaclass="com.wm.util.Values">
            <value name="node_type">record</value>
            <value name="field_name">asg:ORDER2CASH_ORDERHeader</value>
            <value name="field_type">record</value>
            <value name="field_dim">0</value>
            <value name="nillable">false</value>
            <value name="field_xmlns">com.SOAGateway/ORDER2CASH_ORDER</value>
            <array name="rec_fields" type="record" depth="1">
              <record javaclass="com.wm.util.Values">
                <value name="node_type">record</value>
                <value name="field_name">Version</value>
                <value name="field_type">string</value>
                <value name="field_dim">0</value>
                <value name="field_opt">true</value>
                <record name="field_content_type" javaclass="com.wm.util.Values">
                  <value name="contentType">1</value>
                  <value name="internalType">reference</value>
                  <value name="dataTypeVersion">dtVersion2</value>
                  <array name="targetNames" type="record" depth="1">
                    <record javaclass="com.wm.util.Values">
                      <value name="xmlns">http://www.w3.org/2001/XMLSchema</value>
                      <value name="ncName">int</value>
                    </record>
                  </array>
                </record>
                <value name="nillable">false</value>
              </record>
              <record javaclass="com.wm.util.Values">
                <value name="node_type">record</value>
                <value name="field_name">ConversationState</value>
                <value name="field_type">string</value>
                <value name="field_dim">0</value>
                <value name="field_opt">true</value>
                <record name="field_content_type" javaclass="com.wm.util.Values">
                  <value name="contentType">1</value>
                  <value name="internalType">reference</value>
                  <value name="dataTypeVersion">dtVersion2</value>
                  <array name="targetNames" type="record" depth="1">
                    <record javaclass="com.wm.util.Values">
                      <value name="xmlns">http://www.w3.org/2001/XMLSchema</value>
                      <value name="ncName">string</value>
                    </record>
                  </array>
                </record>
                <value name="nillable">false</value>
              </record>
              <record javaclass="com.wm.util.Values">
                <value name="node_type">record</value>
                <value name="field_name">ConversationId</value>
                <value name="field_type">string</value>
                <value name="field_dim">0</value>
                <value name="field_opt">true</value>
                <record name="field_content_type" javaclass="com.wm.util.Values">
                  <value name="contentType">1</value>
                  <value name="internalType">reference</value>
                  <value name="dataTypeVersion">dtVersion2</value>
                  <array name="targetNames" type="record" depth="1">
                    <record javaclass="com.wm.util.Values">
                      <value name="xmlns">http://www.w3.org/2001/XMLSchema</value>
                      <value name="ncName">string</value>
                    </record>
                  </array>
                </record>
                <value name="nillable">false</value>
              </record>
              <record javaclass="com.wm.util.Values">
                <value name="node_type">record</value>
                <value name="field_name">TransactionState</value>
                <value name="field_type">string</value>
                <value name="field_dim">0</value>
                <value name="field_opt">true</value>
                <record name="field_content_type" javaclass="com.wm.util.Values">
                  <value name="contentType">1</value>
                  <value name="internalType">reference</value>
                  <value name="dataTypeVersion">dtVersion2</value>
                  <array name="targetNames" type="record" depth="1">
                    <record javaclass="com.wm.util.Values">
                      <value name="xmlns">http://www.w3.org/2001/XMLSchema</value>
                      <value name="ncName">string</value>
                    </record>
                  </array>
                </record>
                <value name="nillable">false</value>
              </record>
              <record javaclass="com.wm.util.Values">
                <value name="node_type">record</value>
                <value name="field_name">TransactionId</value>
                <value name="field_type">string</value>
                <value name="field_dim">0</value>
                <value name="field_opt">true</value>
                <record name="field_content_type" javaclass="com.wm.util.Values">
                  <value name="contentType">1</value>
                  <value name="internalType">reference</value>
                  <value name="dataTypeVersion">dtVersion2</value>
                  <array name="targetNames" type="record" depth="1">
                    <record javaclass="com.wm.util.Values">
                      <value name="xmlns">http://www.w3.org/2001/XMLSchema</value>
                      <value name="ncName">string</value>
                    </record>
                  </array>
                </record>
                <value name="nillable">false</value>
              </record>
              <record javaclass="com.wm.util.Values">
                <value name="node_type">record</value>
                <value name="field_name">SOAGateway_Internal_Adabas_ISN</value>
                <value name="field_type">string</value>
                <value name="field_dim">0</value>
                <value name="field_opt">true</value>
                <record name="field_content_type" javaclass="com.wm.util.Values">
                  <value name="contentType">1</value>
                  <value name="internalType">reference</value>
                  <value name="dataTypeVersion">dtVersion2</value>
                  <array name="targetNames" type="record" depth="1">
                    <record javaclass="com.wm.util.Values">
                      <value name="xmlns">http://www.w3.org/2001/XMLSchema</value>
                      <value name="ncName">string</value>
                    </record>
                  </array>
                </record>
                <value name="nillable">false</value>
              </record>
              <record javaclass="com.wm.util.Values">
                <value name="node_type">record</value>
                <value name="field_name">SOAGateway_Internal_Adabas_StartAtISN</value>
                <value name="field_type">string</value>
                <value name="field_dim">0</value>
                <value name="field_opt">true</value>
                <record name="field_content_type" javaclass="com.wm.util.Values">
                  <value name="contentType">1</value>
                  <value name="internalType">reference</value>
                  <value name="dataTypeVersion">dtVersion2</value>
                  <array name="targetNames" type="record" depth="1">
                    <record javaclass="com.wm.util.Values">
                      <value name="xmlns">http://www.w3.org/2001/XMLSchema</value>
                      <value name="ncName">string</value>
                    </record>
                  </array>
                </record>
                <value name="nillable">false</value>
              </record>
              <record javaclass="com.wm.util.Values">
                <value name="node_type">record</value>
                <value name="field_name">SOAGateway_Internal_Adabas_Read_Direction</value>
                <value name="field_type">string</value>
                <value name="field_dim">0</value>
                <value name="field_opt">true</value>
                <record name="field_content_type" javaclass="com.wm.util.Values">
                  <value name="contentType">1</value>
                  <value name="internalType">reference</value>
                  <value name="dataTypeVersion">dtVersion2</value>
                  <array name="targetNames" type="record" depth="1">
                    <record javaclass="com.wm.util.Values">
                      <value name="xmlns">http://www.w3.org/2001/XMLSchema</value>
                      <value name="ncName">string</value>
                    </record>
                  </array>
                </record>
                <value name="nillable">false</value>
              </record>
              <record javaclass="com.wm.util.Values">
                <value name="node_type">record</value>
                <value name="field_name">SOAGateway_Internal_Adabas_Sort_Order</value>
                <value name="field_type">string</value>
                <value name="field_dim">0</value>
                <value name="field_opt">true</value>
                <record name="field_content_type" javaclass="com.wm.util.Values">
                  <value name="contentType">1</value>
                  <value name="internalType">reference</value>
                  <value name="dataTypeVersion">dtVersion2</value>
                  <array name="targetNames" type="record" depth="1">
                    <record javaclass="com.wm.util.Values">
                      <value name="xmlns">http://www.w3.org/2001/XMLSchema</value>
                      <value name="ncName">string</value>
                    </record>
                  </array>
                </record>
                <value name="nillable">false</value>
              </record>
              <record javaclass="com.wm.util.Values">
                <value name="node_type">record</value>
                <value name="field_name">SOAGateway_Internal_Adabas_Password</value>
                <value name="field_type">string</value>
                <value name="field_dim">0</value>
                <value name="field_opt">true</value>
                <record name="field_content_type" javaclass="com.wm.util.Values">
                  <value name="contentType">1</value>
                  <value name="internalType">reference</value>
                  <value name="dataTypeVersion">dtVersion2</value>
                  <array name="targetNames" type="record" depth="1">
                    <record javaclass="com.wm.util.Values">
                      <value name="xmlns">http://www.w3.org/2001/XMLSchema</value>
                      <value name="ncName">string</value>
                    </record>
                  </array>
                </record>
                <value name="nillable">false</value>
              </record>
            </array>
            <value name="rec_closed">true</value>
          </record>
        </array>
        <value name="rec_closed">true</value>
        <record name="svc_universal_name" javaclass="com.wm.util.Values">
          <value name="xmlns">uri://daea.hq.sag:7743/DB204_Order2Cash_Orders</value>
          <value name="ncName">XMiddLeHeader</value>
        </record>
      </record>
      <record javaclass="com.wm.util.Values">
        <value name="node_type">unknown</value>
        <value name="field_name">timeout</value>
        <value name="field_type">string</value>
        <value name="field_dim">0</value>
        <value name="field_opt">true</value>
        <value name="nillable">true</value>
      </record>
      <record javaclass="com.wm.util.Values">
        <value name="node_type">unknown</value>
        <value name="field_name">_port</value>
        <value name="field_type">string</value>
        <value name="field_dim">0</value>
        <value name="field_opt">true</value>
        <value name="nillable">true</value>
      </record>
      <record javaclass="com.wm.util.Values">
        <value name="node_type">unknown</value>
        <value name="field_name">_url</value>
        <value name="field_type">string</value>
        <value name="field_dim">0</value>
        <value name="field_opt">true</value>
        <value name="nillable">true</value>
      </record>
    </array>
  </record>
</Values>
</MAPTARGET>
  <MAPSOURCE>

<Values version="2.0">
  <record name="xml" javaclass="com.wm.util.Values">
    <value name="node_type">record</value>
    <value name="field_type">record</value>
    <value name="field_dim">0</value>
    <value name="nillable">true</value>
    <array name="rec_fields" type="record" depth="1">
    </array>
  </record>
</Values>
</MAPSOURCE>

  <!-- nodes -->

<MAPSET NAME="Setter" OVERWRITE="true" VARIABLES="false" FIELD="/asg:ORDER2CASH_ORDERListElement;4;0;WmPF_Legacy.Connections.AdabaseSG.Orders_.docTypes:docTypeRef_asg_ORDER2CASH_ORDERKeyType/CUSTOMER_ID;1;0">
  <DATA ENCODING="XMLValues" I18N="true">

<Values version="2.0">
  <value name="xml">*</value>
  <record name="type" javaclass="com.wm.util.Values">
    <value name="node_type">record</value>
    <value name="field_name">CUSTOMER_ID</value>
    <value name="field_type">string</value>
    <value name="field_dim">0</value>
    <record name="field_content_type" javaclass="com.wm.util.Values">
      <value name="contentType">1</value>
      <value name="internalType">reference</value>
      <value name="dataTypeVersion">dtVersion2</value>
      <array name="targetNames" type="record" depth="1">
        <record javaclass="com.wm.util.Values">
          <value name="xmlns">http://www.w3.org/2001/XMLSchema</value>
          <value name="ncName">string</value>
        </record>
      </array>
    </record>
    <value name="nillable">false</value>
  </record>
</Values>
</DATA>
</MAPSET>

<MAPSET NAME="Setter" OVERWRITE="true" VARIABLES="false" FIELD="/asg:ORDER2CASH_ORDERListElement;4;0;WmPF_Legacy.Connections.AdabaseSG.Orders_.docTypes:docTypeRef_asg_ORDER2CASH_ORDERKeyType/ORDER_ID;1;0">
  <DATA ENCODING="XMLValues" I18N="true">

<Values version="2.0">
  <value name="xml">*</value>
  <record name="type" javaclass="com.wm.util.Values">
    <value name="node_type">record</value>
    <value name="field_name">ORDER_ID</value>
    <value name="field_type">string</value>
    <value name="field_dim">0</value>
    <record name="field_content_type" javaclass="com.wm.util.Values">
      <value name="contentType">1</value>
      <value name="internalType">reference</value>
      <value name="dataTypeVersion">dtVersion2</value>
      <array name="targetNames" type="record" depth="1">
        <record javaclass="com.wm.util.Values">
          <value name="xmlns">http://www.w3.org/2001/XMLSchema</value>
          <value name="ncName">string</value>
        </record>
      </array>
    </record>
    <value name="nillable">false</value>
  </record>
</Values>
</DATA>
</MAPSET>
</MAP>

<MAP MODE="OUTPUT">
  <MAPTARGET>

<Values version="2.0">
  <record name="xml" javaclass="com.wm.util.Values">
    <value name="node_type">record</value>
    <value name="field_type">record</value>
    <value name="field_dim">0</value>
    <value name="nillable">true</value>
    <array name="rec_fields" type="record" depth="1">
      <record javaclass="com.wm.util.Values">
        <value name="node_type">record</value>
        <value name="field_name">asg:ORDER2CASH_ORDERListElement</value>
        <value name="field_type">recref</value>
        <value name="field_dim">0</value>
        <value name="nillable">true</value>
        <value name="rec_ref">WmPF_Legacy.Connections.AdabaseSG.Orders_.docTypes:docTypeRef_asg_ORDER2CASH_ORDERKeyType</value>
      </record>
      <record javaclass="com.wm.util.Values">
        <value name="node_type">record</value>
        <value name="node_comment"></value>
        <record name="node_hints" javaclass="com.wm.util.Values">
          <value name="field_usereditable">false</value>
          <value name="field_largerEditor">false</value>
          <value name="field_password">false</value>
        </record>
        <value name="field_name">dataAccessMode</value>
        <value name="field_type">string</value>
        <value name="field_dim">0</value>
        <value name="field_opt">true</value>
        <array name="field_options" type="value" depth="1">
          <value>SQL</value>
          <value>Adabas</value>
          <value>Natural</value>
          <value>EntireX</value>
        </array>
        <value name="nillable">true</value>
      </record>
      <record javaclass="com.wm.util.Values">
        <value name="node_type">record</value>
        <value name="field_name">asg:ORDER2CASH_ORDER_ROOTElement</value>
        <value name="field_type">recref</value>
        <value name="field_dim">0</value>
        <value name="field_opt">true</value>
        <value name="nillable">true</value>
        <value name="field_xmlns">com.SOAGateway/ORDER2CASH_ORDER</value>
        <value name="rec_closed">true</value>
        <record name="svc_universal_name" javaclass="com.wm.util.Values">
          <value name="xmlns">com.SOAGateway/ORDER2CASH_ORDER</value>
          <value name="ncName">ORDER2CASH_ORDER_ROOTElement</value>
        </record>
        <value name="rec_ref">WmPF_Legacy.Connections.AdabaseSG.Orders_.docTypes:docTypeRef_asg_ORDER2CASH_ORDER_ROOTElementType</value>
      </record>
      <record javaclass="com.wm.util.Values">
        <value name="node_type">record</value>
        <value name="field_name">SOAP-FAULT</value>
        <value name="field_type">record</value>
        <value name="field_dim">0</value>
        <value name="field_opt">true</value>
        <value name="nillable">true</value>
        <array name="rec_fields" type="record" depth="1">
          <record javaclass="com.wm.util.Values">
            <value name="node_type">unknown</value>
            <value name="field_name">soapProtocol</value>
            <value name="field_type">string</value>
            <value name="field_dim">0</value>
            <array name="field_options" type="value" depth="1">
              <value>SOAP 1.1 Protocol</value>
              <value>SOAP 1.2 Protocol</value>
            </array>
            <value name="nillable">true</value>
          </record>
          <record javaclass="com.wm.util.Values">
            <value name="node_type">record</value>
            <value name="field_name">Fault_1_1</value>
            <value name="field_type">record</value>
            <value name="field_dim">0</value>
            <value name="field_opt">true</value>
            <value name="nillable">true</value>
            <array name="rec_fields" type="record" depth="1">
            </array>
          </record>
          <record javaclass="com.wm.util.Values">
            <value name="node_type">record</value>
            <value name="field_name">Fault_1_2</value>
            <value name="field_type">record</value>
            <value name="field_dim">0</value>
            <value name="field_opt">true</value>
            <value name="nillable">true</value>
            <array name="rec_fields" type="record" depth="1">
            </array>
          </record>
        </array>
      </record>
    </array>
  </record>
</Values>
</MAPTARGET>
  <MAPSOURCE>

<Values version="2.0">
  <record name="xml" javaclass="com.wm.util.Values">
    <value name="node_type">record</value>
    <value name="field_type">recref</value>
    <value name="field_dim">0</value>
    <value name="nillable">true</value>
    <value name="rec_ref">WmPF_Legacy.Connections.AdabaseSG.Orders_.docTypes:listResponse</value>
    <array name="rec_fields" type="record" depth="1">
      <record javaclass="com.wm.util.Values">
        <value name="node_type">record</value>
        <value name="field_name">asg:ORDER2CASH_ORDER_ROOTElement</value>
        <value name="field_type">recref</value>
        <value name="field_dim">0</value>
        <value name="field_opt">true</value>
        <value name="nillable">true</value>
        <value name="field_xmlns">com.SOAGateway/ORDER2CASH_ORDER</value>
        <value name="rec_closed">true</value>
        <record name="svc_universal_name" javaclass="com.wm.util.Values">
          <value name="xmlns">com.SOAGateway/ORDER2CASH_ORDER</value>
          <value name="ncName">ORDER2CASH_ORDER_ROOTElement</value>
        </record>
        <value name="rec_ref">WmPF_Legacy.Connections.AdabaseSG.Orders_.docTypes:docTypeRef_asg_ORDER2CASH_ORDER_ROOTElementType</value>
      </record>
      <record javaclass="com.wm.util.Values">
        <value name="node_type">record</value>
        <value name="field_name">SOAP-FAULT</value>
        <value name="field_type">record</value>
        <value name="field_dim">0</value>
        <value name="field_opt">true</value>
        <value name="nillable">true</value>
        <array name="rec_fields" type="record" depth="1">
          <record javaclass="com.wm.util.Values">
            <value name="node_type">unknown</value>
            <value name="field_name">soapProtocol</value>
            <value name="field_type">string</value>
            <value name="field_dim">0</value>
            <array name="field_options" type="value" depth="1">
              <value>SOAP 1.1 Protocol</value>
              <value>SOAP 1.2 Protocol</value>
            </array>
            <value name="nillable">true</value>
          </record>
          <record javaclass="com.wm.util.Values">
            <value name="node_type">record</value>
            <value name="field_name">Fault_1_1</value>
            <value name="field_type">record</value>
            <value name="field_dim">0</value>
            <value name="field_opt">true</value>
            <value name="nillable">true</value>
            <array name="rec_fields" type="record" depth="1">
              <record javaclass="com.wm.util.Values">
                <value name="node_type">unknown</value>
                <value name="field_name">faultcode</value>
                <value name="field_type">string</value>
                <value name="field_dim">0</value>
                <value name="field_opt">true</value>
                <value name="nillable">true</value>
              </record>
              <record javaclass="com.wm.util.Values">
                <value name="node_type">unknown</value>
                <value name="field_name">faultstring</value>
                <value name="field_type">string</value>
                <value name="field_dim">0</value>
                <value name="field_opt">true</value>
                <value name="nillable">true</value>
              </record>
              <record javaclass="com.wm.util.Values">
                <value name="node_type">unknown</value>
                <value name="field_name">faultactor</value>
                <value name="field_type">string</value>
                <value name="field_dim">0</value>
                <value name="field_opt">true</value>
                <value name="nillable">true</value>
              </record>
              <record javaclass="com.wm.util.Values">
                <value name="node_type">record</value>
                <value name="field_name">detail</value>
                <value name="field_type">record</value>
                <value name="field_dim">0</value>
                <value name="field_opt">true</value>
                <value name="nillable">true</value>
                <array name="rec_fields" type="record" depth="1">
                  <record javaclass="com.wm.util.Values">
                    <value name="node_type">record</value>
                    <value name="field_name">asg:faultElement</value>
                    <value name="field_type">recref</value>
                    <value name="field_dim">0</value>
                    <value name="nillable">false</value>
                    <value name="field_xmlns">com.SOAGateway/ORDER2CASH_ORDER</value>
                    <value name="rec_closed">true</value>
                    <record name="svc_universal_name" javaclass="com.wm.util.Values">
                      <value name="xmlns">com.SOAGateway/ORDER2CASH_ORDER</value>
                      <value name="ncName">faultElement</value>
                    </record>
                    <value name="rec_ref">WmPF_ETS_MyPhone.adabas_SOA.mainframe_Orders_.docTypes:docTypeRef_asg_faultElementType</value>
                  </record>
                </array>
              </record>
            </array>
          </record>
          <record javaclass="com.wm.util.Values">
            <value name="node_type">record</value>
            <value name="field_name">Fault_1_2</value>
            <value name="field_type">record</value>
            <value name="field_dim">0</value>
            <value name="field_opt">true</value>
            <value name="nillable">true</value>
            <array name="rec_fields" type="record" depth="1">
              <record javaclass="com.wm.util.Values">
                <value name="node_type">record</value>
                <value name="field_name">SOAP-ENV:Code</value>
                <value name="field_type">record</value>
                <value name="field_dim">0</value>
                <value name="field_opt">true</value>
                <value name="nillable">true</value>
                <value name="field_xmlns">http://www.w3.org/2003/05/soap-envelope</value>
                <array name="rec_fields" type="record" depth="1">
                  <record javaclass="com.wm.util.Values">
                    <value name="node_type">unknown</value>
                    <value name="field_name">SOAP-ENV:Value</value>
                    <value name="field_type">string</value>
                    <value name="field_dim">0</value>
                    <value name="field_opt">true</value>
                    <value name="nillable">true</value>
                    <value name="field_xmlns">http://www.w3.org/2003/05/soap-envelope</value>
                  </record>
                </array>
              </record>
              <record javaclass="com.wm.util.Values">
                <value name="node_type">record</value>
                <value name="field_name">SOAP-ENV:Reason</value>
                <value name="field_type">record</value>
                <value name="field_dim">0</value>
                <value name="field_opt">true</value>
                <value name="nillable">true</value>
                <value name="field_xmlns">http://www.w3.org/2003/05/soap-envelope</value>
                <array name="rec_fields" type="record" depth="1">
                  <record javaclass="com.wm.util.Values">
                    <value name="node_type">record</value>
                    <value name="field_name">SOAP-ENV:Text</value>
                    <value name="field_type">record</value>
                    <value name="field_dim">0</value>
                    <value name="field_opt">true</value>
                    <value name="nillable">true</value>
                    <value name="field_xmlns">http://www.w3.org/2003/05/soap-envelope</value>
                    <array name="rec_fields" type="record" depth="1">
                      <record javaclass="com.wm.util.Values">
                        <value name="node_type">unknown</value>
                        <value name="field_name">@XML:lang</value>
                        <value name="field_type">string</value>
                        <value name="field_dim">0</value>
                        <value name="field_opt">true</value>
                        <value name="nillable">true</value>
                        <value name="field_xmlns">http://www.w3.org/XML/1998/namespace</value>
                      </record>
                      <record javaclass="com.wm.util.Values">
                        <value name="node_type">unknown</value>
                        <value name="field_name">*body</value>
                        <value name="field_type">string</value>
                        <value name="field_dim">0</value>
                        <value name="field_opt">true</value>
                        <value name="nillable">true</value>
                      </record>
                    </array>
                  </record>
                </array>
              </record>
              <record javaclass="com.wm.util.Values">
                <value name="node_type">unknown</value>
                <value name="field_name">SOAP-ENV:Role</value>
                <value name="field_type">string</value>
                <value name="field_dim">0</value>
                <value name="field_opt">true</value>
                <value name="nillable">true</value>
                <value name="field_xmlns">http://www.w3.org/2003/05/soap-envelope</value>
              </record>
              <record javaclass="com.wm.util.Values">
                <value name="node_type">record</value>
                <value name="field_name">SOAP-ENV:Detail</value>
                <value name="field_type">record</value>
                <value name="field_dim">0</value>
                <value name="field_opt">true</value>
                <value name="nillable">true</value>
                <value name="field_xmlns">http://www.w3.org/2003/05/soap-envelope</value>
                <array name="rec_fields" type="record" depth="1">
                  <record javaclass="com.wm.util.Values">
                    <value name="node_type">record</value>
                    <value name="field_name">asg:faultElement</value>
                    <value name="field_type">recref</value>
                    <value name="field_dim">0</value>
                    <value name="nillable">false</value>
                    <value name="field_xmlns">com.SOAGateway/ORDER2CASH_ORDER</value>
                    <value name="rec_closed">true</value>
                    <record name="svc_universal_name" javaclass="com.wm.util.Values">
                      <value name="xmlns">com.SOAGateway/ORDER2CASH_ORDER</value>
                      <value name="ncName">faultElement</value>
                    </record>
                    <value name="rec_ref">WmPF_ETS_MyPhone.adabas_SOA.mainframe_Orders_.docTypes:docTypeRef_asg_faultElementType</value>
                  </record>
                </array>
              </record>
            </array>
          </record>
        </array>
      </record>
    </array>
  </record>
</Values>
</MAPSOURCE>

  <!-- nodes -->

<MAPDELETE NAME="Dropper" FIELD="/asg:ORDER2CASH_ORDERListElement;4;0;WmPF_Legacy.Connections.AdabaseSG.Orders_.docTypes:docTypeRef_asg_ORDER2CASH_ORDERKeyType">
</MAPDELETE>

<MAPDELETE NAME="Dropper" FIELD="/dataAccessMode;1;0">
</MAPDELETE>

<MAPDELETE NAME="Dropper" FIELD="/SOAP-FAULT;2;0">
</MAPDELETE>
</MAP>
</INVOKE>

<MAP TIMEOUT="" MODE="STANDALONE">
  <COMMENT></COMMENT>
  <MAPTARGET>

<Values version="2.0">
  <record name="xml" javaclass="com.wm.util.Values">
    <value name="node_type">record</value>
    <value name="field_type">record</value>
    <value name="field_dim">0</value>
    <value name="nillable">true</value>
    <array name="rec_fields" type="record" depth="1">
      <record javaclass="com.wm.util.Values">
        <value name="node_type">record</value>
        <value name="field_name">asg:ORDER2CASH_ORDER_ROOTElement</value>
        <value name="field_type">recref</value>
        <value name="field_dim">0</value>
        <value name="field_opt">true</value>
        <value name="nillable">true</value>
        <value name="field_xmlns">com.SOAGateway/ORDER2CASH_ORDER</value>
        <value name="rec_closed">true</value>
        <record name="svc_universal_name" javaclass="com.wm.util.Values">
          <value name="xmlns">com.SOAGateway/ORDER2CASH_ORDER</value>
          <value name="ncName">ORDER2CASH_ORDER_ROOTElement</value>
        </record>
        <value name="rec_ref">WmPF_Legacy.Connections.AdabaseSG.Orders_.docTypes:docTypeRef_asg_ORDER2CASH_ORDER_ROOTElementType</value>
      </record>
      <record javaclass="com.wm.util.Values">
        <value name="node_type">record</value>
        <value name="field_name">orderInfo</value>
        <value name="field_type">recref</value>
        <value name="field_dim">1</value>
        <value name="nillable">true</value>
        <value name="rec_ref">WmPF_Common.documents.order:OrderHeader</value>
      </record>
    </array>
  </record>
</Values>
</MAPTARGET>
  <MAPSOURCE>

<Values version="2.0">
  <record name="xml" javaclass="com.wm.util.Values">
    <value name="node_type">record</value>
    <value name="field_type">record</value>
    <value name="field_dim">0</value>
    <value name="nillable">true</value>
    <array name="rec_fields" type="record" depth="1">
      <record javaclass="com.wm.util.Values">
        <value name="node_type">record</value>
        <value name="field_name">asg:ORDER2CASH_ORDER_ROOTElement</value>
        <value name="field_type">recref</value>
        <value name="field_dim">0</value>
        <value name="field_opt">true</value>
        <value name="nillable">true</value>
        <value name="field_xmlns">com.SOAGateway/ORDER2CASH_ORDER</value>
        <value name="rec_closed">true</value>
        <record name="svc_universal_name" javaclass="com.wm.util.Values">
          <value name="xmlns">com.SOAGateway/ORDER2CASH_ORDER</value>
          <value name="ncName">ORDER2CASH_ORDER_ROOTElement</value>
        </record>
        <value name="rec_ref">WmPF_Legacy.Connections.AdabaseSG.Orders_.docTypes:docTypeRef_asg_ORDER2CASH_ORDER_ROOTElementType</value>
      </record>
    </array>
  </record>
</Values>
</MAPSOURCE>

  <!-- nodes -->

<MAPCOPY NAME="Link" FROM="/asg:ORDER2CASH_ORDER_ROOTElement;4;0;WmPF_Legacy.Connections.AdabaseSG.Orders_.docTypes:docTypeRef_asg_ORDER2CASH_ORDER_ROOTElementType/ORDER2CASH_ORDER_ROOT;4;0;WmPF_Legacy.Connections.AdabaseSG.Orders_.docTypes:docTypeRef_asg_ORDER2CASH_ORDER_ROOTType/ORDER2CASH_ORDER;4;1;WmPF_Legacy.Connections.AdabaseSG.Orders_.docTypes:docTypeRef_asg_ORDER2CASH_ORDERType/CUSTOMER_ID;1;0" TO="/orderInfo;4;1;WmPF_Common.documents.order:OrderHeader/CustomerID;1;0">
</MAPCOPY>

<MAPCOPY NAME="Link" FROM="/asg:ORDER2CASH_ORDER_ROOTElement;4;0;WmPF_Legacy.Connections.AdabaseSG.Orders_.docTypes:docTypeRef_asg_ORDER2CASH_ORDER_ROOTElementType/ORDER2CASH_ORDER_ROOT;4;0;WmPF_Legacy.Connections.AdabaseSG.Orders_.docTypes:docTypeRef_asg_ORDER2CASH_ORDER_ROOTType/ORDER2CASH_ORDER;4;1;WmPF_Legacy.Connections.AdabaseSG.Orders_.docTypes:docTypeRef_asg_ORDER2CASH_ORDERType/ORDER_ID;1;0" TO="/orderInfo;4;1;WmPF_Common.documents.order:OrderHeader/OrderNo;1;0">
</MAPCOPY>

<MAPCOPY NAME="Link" FROM="/asg:ORDER2CASH_ORDER_ROOTElement;4;0;WmPF_Legacy.Connections.AdabaseSG.Orders_.docTypes:docTypeRef_asg_ORDER2CASH_ORDER_ROOTElementType/ORDER2CASH_ORDER_ROOT;4;0;WmPF_Legacy.Connections.AdabaseSG.Orders_.docTypes:docTypeRef_asg_ORDER2CASH_ORDER_ROOTType/ORDER2CASH_ORDER;4;1;WmPF_Legacy.Connections.AdabaseSG.Orders_.docTypes:docTypeRef_asg_ORDER2CASH_ORDERType/DATE;1;0" TO="/orderInfo;4;1;WmPF_Common.documents.order:OrderHeader/OrderDate;1;0">
</MAPCOPY>

<MAPCOPY NAME="Link" FROM="/asg:ORDER2CASH_ORDER_ROOTElement;4;0;WmPF_Legacy.Connections.AdabaseSG.Orders_.docTypes:docTypeRef_asg_ORDER2CASH_ORDER_ROOTElementType/ORDER2CASH_ORDER_ROOT;4;0;WmPF_Legacy.Connections.AdabaseSG.Orders_.docTypes:docTypeRef_asg_ORDER2CASH_ORDER_ROOTType/ORDER2CASH_ORDER;4;1;WmPF_Legacy.Connections.AdabaseSG.Orders_.docTypes:docTypeRef_asg_ORDER2CASH_ORDERType/AMOUNT;1;0" TO="/orderInfo;4;1;WmPF_Common.documents.order:OrderHeader/OrderAmount;1;0">
</MAPCOPY>

<MAPCOPY NAME="Link" FROM="/asg:ORDER2CASH_ORDER_ROOTElement;4;0;WmPF_Legacy.Connections.AdabaseSG.Orders_.docTypes:docTypeRef_asg_ORDER2CASH_ORDER_ROOTElementType/ORDER2CASH_ORDER_ROOT;4;0;WmPF_Legacy.Connections.AdabaseSG.Orders_.docTypes:docTypeRef_asg_ORDER2CASH_ORDER_ROOTType/ORDER2CASH_ORDER;4;1;WmPF_Legacy.Connections.AdabaseSG.Orders_.docTypes:docTypeRef_asg_ORDER2CASH_ORDERType/REQ_SHIP_DATE;1;0" TO="/orderInfo;4;1;WmPF_Common.documents.order:OrderHeader/RequestedDate;1;0">
</MAPCOPY>

<MAPCOPY NAME="Link" FROM="/asg:ORDER2CASH_ORDER_ROOTElement;4;0;WmPF_Legacy.Connections.AdabaseSG.Orders_.docTypes:docTypeRef_asg_ORDER2CASH_ORDER_ROOTElementType/ORDER2CASH_ORDER_ROOT;4;0;WmPF_Legacy.Connections.AdabaseSG.Orders_.docTypes:docTypeRef_asg_ORDER2CASH_ORDER_ROOTType/ORDER2CASH_ORDER;4;1;WmPF_Legacy.Connections.AdabaseSG.Orders_.docTypes:docTypeRef_asg_ORDER2CASH_ORDERType/STATUS;1;0" TO="/orderInfo;4;1;WmPF_Common.documents.order:OrderHeader/OrderStatus;1;0">
</MAPCOPY>

<MAPCOPY NAME="Link" FROM="/asg:ORDER2CASH_ORDER_ROOTElement;4;0;WmPF_Legacy.Connections.AdabaseSG.Orders_.docTypes:docTypeRef_asg_ORDER2CASH_ORDER_ROOTElementType/ORDER2CASH_ORDER_ROOT;4;0;WmPF_Legacy.Connections.AdabaseSG.Orders_.docTypes:docTypeRef_asg_ORDER2CASH_ORDER_ROOTType/ORDER2CASH_ORDER;4;1;WmPF_Legacy.Connections.AdabaseSG.Orders_.docTypes:docTypeRef_asg_ORDER2CASH_ORDERType/COUNT;1;0" TO="/orderInfo;4;1;WmPF_Common.documents.order:OrderHeader/OrderCount;1;0">
</MAPCOPY>

<MAPCOPY NAME="Link" FROM="/asg:ORDER2CASH_ORDER_ROOTElement;4;0;WmPF_Legacy.Connections.AdabaseSG.Orders_.docTypes:docTypeRef_asg_ORDER2CASH_ORDER_ROOTElementType/ORDER2CASH_ORDER_ROOT;4;0;WmPF_Legacy.Connections.AdabaseSG.Orders_.docTypes:docTypeRef_asg_ORDER2CASH_ORDER_ROOTType/ORDER2CASH_ORDER;4;1;WmPF_Legacy.Connections.AdabaseSG.Orders_.docTypes:docTypeRef_asg_ORDER2CASH_ORDERType/CURRENCY;1;0" TO="/orderInfo;4;1;WmPF_Common.documents.order:OrderHeader/OrderCurrency;1;0">
</MAPCOPY>

<MAPCOPY NAME="Link" FROM="/asg:ORDER2CASH_ORDER_ROOTElement;4;0;WmPF_Legacy.Connections.AdabaseSG.Orders_.docTypes:docTypeRef_asg_ORDER2CASH_ORDER_ROOTElementType/ORDER2CASH_ORDER_ROOT;4;0;WmPF_Legacy.Connections.AdabaseSG.Orders_.docTypes:docTypeRef_asg_ORDER2CASH_ORDER_ROOTType/ORDER2CASH_ORDER;4;1;WmPF_Legacy.Connections.AdabaseSG.Orders_.docTypes:docTypeRef_asg_ORDER2CASH_ORDERType/QUANTITY;1;0" TO="/orderInfo;4;1;WmPF_Common.documents.order:OrderHeader/ItemCount;1;0">
</MAPCOPY>

<MAPCOPY NAME="Link" FROM="/asg:ORDER2CASH_ORDER_ROOTElement;4;0;WmPF_Legacy.Connections.AdabaseSG.Orders_.docTypes:docTypeRef_asg_ORDER2CASH_ORDER_ROOTElementType/ORDER2CASH_ORDER_ROOT;4;0;WmPF_Legacy.Connections.AdabaseSG.Orders_.docTypes:docTypeRef_asg_ORDER2CASH_ORDER_ROOTType/ORDER2CASH_ORDER;4;1;WmPF_Legacy.Connections.AdabaseSG.Orders_.docTypes:docTypeRef_asg_ORDER2CASH_ORDERType/QUANTITY;1;0" TO="/orderInfo;4;1;WmPF_Common.documents.order:OrderHeader/OrderQty;1;0">
</MAPCOPY>

<MAPCOPY NAME="Link" FROM="/asg:ORDER2CASH_ORDER_ROOTElement;4;0;WmPF_Legacy.Connections.AdabaseSG.Orders_.docTypes:docTypeRef_asg_ORDER2CASH_ORDER_ROOTElementType/ORDER2CASH_ORDER_ROOT;4;0;WmPF_Legacy.Connections.AdabaseSG.Orders_.docTypes:docTypeRef_asg_ORDER2CASH_ORDER_ROOTType/ORDER2CASH_ORDER;4;1;WmPF_Legacy.Connections.AdabaseSG.Orders_.docTypes:docTypeRef_asg_ORDER2CASH_ORDERType/CREDIT_ERROR;1;0" TO="/orderInfo;4;1;WmPF_Common.documents.order:OrderHeader/CreditError;1;0">
</MAPCOPY>

<MAPCOPY NAME="Link" FROM="/asg:ORDER2CASH_ORDER_ROOTElement;4;0;WmPF_Legacy.Connections.AdabaseSG.Orders_.docTypes:docTypeRef_asg_ORDER2CASH_ORDER_ROOTElementType/ORDER2CASH_ORDER_ROOT;4;0;WmPF_Legacy.Connections.AdabaseSG.Orders_.docTypes:docTypeRef_asg_ORDER2CASH_ORDER_ROOTType/ORDER2CASH_ORDER;4;1;WmPF_Legacy.Connections.AdabaseSG.Orders_.docTypes:docTypeRef_asg_ORDER2CASH_ORDERType/VALIDATION_ERROR;1;0" TO="/orderInfo;4;1;WmPF_Common.documents.order:OrderHeader/ValidationError;1;0">
</MAPCOPY>

<MAPDELETE NAME="Dropper" FIELD="/asg:ORDER2CASH_ORDER_ROOTElement;4;0;WmPF_Legacy.Connections.AdabaseSG.Orders_.docTypes:docTypeRef_asg_ORDER2CASH_ORDER_ROOTElementType">
</MAPDELETE>
</MAP>

<INVOKE TIMEOUT="" SERVICE="pub.list:sizeOfList" VALIDATE-IN="$none" VALIDATE-OUT="$none">
  <COMMENT></COMMENT>

  <!-- nodes -->

<MAP MODE="INPUT">
  <MAPTARGET>

<Values version="2.0">
  <record name="xml" javaclass="com.wm.util.Values">
    <value name="node_type">record</value>
    <value name="field_name">sizeOfListInput</value>
    <value name="field_type">record</value>
    <value name="field_dim">0</value>
    <value name="nillable">true</value>
    <array name="rec_fields" type="record" depth="1">
      <record javaclass="com.wm.util.Values">
        <value name="node_type">unknown</value>
        <value name="field_name">fromList</value>
        <value name="field_type">object</value>
        <value name="field_dim">1</value>
        <value name="field_opt">true</value>
        <value name="nillable">true</value>
      </record>
    </array>
  </record>
</Values>
</MAPTARGET>
  <MAPSOURCE>

<Values version="2.0">
  <record name="xml" javaclass="com.wm.util.Values">
    <value name="node_type">record</value>
    <value name="field_type">record</value>
    <value name="field_dim">0</value>
    <value name="nillable">true</value>
    <array name="rec_fields" type="record" depth="1">
      <record javaclass="com.wm.util.Values">
        <value name="node_type">record</value>
        <value name="field_name">orderInfo</value>
        <value name="field_type">recref</value>
        <value name="field_dim">1</value>
        <value name="nillable">true</value>
        <value name="rec_ref">WmPF_Common.documents.order:OrderHeader</value>
      </record>
    </array>
  </record>
</Values>
</MAPSOURCE>

  <!-- nodes -->

<MAPCOPY NAME="Link" FROM="/orderInfo;4;1;WmPF_Common.documents.order:OrderHeader" TO="/fromList;3;1">
</MAPCOPY>
</MAP>

<MAP MODE="OUTPUT">
  <MAPTARGET>

<Values version="2.0">
  <record name="xml" javaclass="com.wm.util.Values">
    <value name="node_type">record</value>
    <value name="field_type">record</value>
    <value name="field_dim">0</value>
    <value name="nillable">true</value>
    <array name="rec_fields" type="record" depth="1">
      <record javaclass="com.wm.util.Values">
        <value name="node_type">unknown</value>
        <value name="field_name">fromList</value>
        <value name="field_type">object</value>
        <value name="field_dim">1</value>
        <value name="nillable">true</value>
      </record>
      <record javaclass="com.wm.util.Values">
        <value name="node_type">record</value>
        <value name="field_name">orderInfo</value>
        <value name="field_type">recref</value>
        <value name="field_dim">1</value>
        <value name="nillable">true</value>
        <value name="rec_ref">WmPF_Common.documents.order:OrderHeader</value>
      </record>
      <record javaclass="com.wm.util.Values">
        <value name="node_type">unknown</value>
        <value name="field_name">size</value>
        <value name="field_type">string</value>
        <value name="field_dim">0</value>
        <value name="nillable">true</value>
      </record>
      <record javaclass="com.wm.util.Values">
        <value name="node_type">unknown</value>
        <value name="field_name">rowsReturned</value>
        <value name="field_type">string</value>
        <value name="field_dim">0</value>
        <value name="nillable">true</value>
      </record>
    </array>
  </record>
</Values>
</MAPTARGET>
  <MAPSOURCE>

<Values version="2.0">
  <record name="xml" javaclass="com.wm.util.Values">
    <value name="node_type">record</value>
    <value name="field_name">sizeOfListOutput</value>
    <value name="field_type">record</value>
    <value name="field_dim">0</value>
    <value name="nillable">true</value>
    <array name="rec_fields" type="record" depth="1">
      <record javaclass="com.wm.util.Values">
        <value name="node_type">unknown</value>
        <value name="field_name">size</value>
        <value name="field_type">string</value>
        <value name="field_dim">0</value>
        <value name="nillable">true</value>
      </record>
      <record javaclass="com.wm.util.Values">
        <value name="node_type">unknown</value>
        <value name="field_name">fromList</value>
        <value name="field_type">object</value>
        <value name="field_dim">1</value>
        <value name="nillable">true</value>
      </record>
    </array>
  </record>
</Values>
</MAPSOURCE>

  <!-- nodes -->

<MAPCOPY NAME="Link" FROM="/size;1;0" TO="/rowsReturned;1;0">
</MAPCOPY>

<MAPDELETE NAME="Dropper" FIELD="/fromList;3;1">
</MAPDELETE>

<MAPDELETE NAME="Dropper" FIELD="/size;1;0">
</MAPDELETE>
</MAP>
</INVOKE>
</SEQUENCE>

<SEQUENCE NAME="$default" TIMEOUT="" EXIT-ON="FAILURE">
  <COMMENT>SQL</COMMENT>

  <!-- nodes -->

<INVOKE TIMEOUT="" SERVICE="WmPF_Common.backend.services:getAllOrders" VALIDATE-IN="$none" VALIDATE-OUT="$none">
  <COMMENT></COMMENT>

  <!-- nodes -->

<MAP MODE="INPUT">
</MAP>

<MAP MODE="OUTPUT">
  <MAPTARGET>

<Values version="2.0">
  <record name="xml" javaclass="com.wm.util.Values">
    <value name="node_type">record</value>
    <value name="field_type">record</value>
    <value name="field_dim">0</value>
    <value name="nillable">true</value>
    <array name="rec_fields" type="record" depth="1">
      <record javaclass="com.wm.util.Values">
        <value name="node_type">record</value>
        <value name="field_name">asg:ORDER2CASH_ORDER_ROOTElement</value>
        <value name="field_type">recref</value>
        <value name="field_dim">0</value>
        <value name="field_opt">true</value>
        <value name="nillable">true</value>
        <value name="field_xmlns">com.SOAGateway/ORDER2CASH_ORDER</value>
        <value name="rec_closed">true</value>
        <record name="svc_universal_name" javaclass="com.wm.util.Values">
          <value name="xmlns">com.SOAGateway/ORDER2CASH_ORDER</value>
          <value name="ncName">ORDER2CASH_ORDER_ROOTElement</value>
        </record>
        <value name="rec_ref">WmPF_Legacy.Connections.AdabaseSG.Orders_.docTypes:docTypeRef_asg_ORDER2CASH_ORDER_ROOTElementType</value>
      </record>
      <record javaclass="com.wm.util.Values">
        <value name="node_type">record</value>
        <value name="field_name">orderInfo</value>
        <value name="field_type">recref</value>
        <value name="field_dim">1</value>
        <value name="nillable">true</value>
        <value name="rec_ref">WmPF_Common.documents.order:OrderHeader</value>
      </record>
      <record javaclass="com.wm.util.Values">
        <value name="node_type">unknown</value>
        <value name="node_comment"></value>
        <record name="node_hints" javaclass="com.wm.util.Values">
          <null name="field_usereditable"/>
          <value name="field_largerEditor">false</value>
          <value name="field_password">false</value>
        </record>
        <value name="field_name">rowsReturned</value>
        <value name="field_type">string</value>
        <value name="field_dim">0</value>
        <value name="nillable">true</value>
      </record>
      <record javaclass="com.wm.util.Values">
        <value name="node_type">record</value>
        <value name="field_name">getAllOrdersOutput</value>
        <value name="field_type">record</value>
        <value name="field_dim">0</value>
        <value name="nillable">true</value>
        <array name="rec_fields" type="record" depth="1">
        </array>
      </record>
    </array>
  </record>
</Values>
</MAPTARGET>
  <MAPSOURCE>

<Values version="2.0">
  <record name="xml" javaclass="com.wm.util.Values">
    <value name="node_type">record</value>
    <value name="field_name">getAllOrdersOutput</value>
    <value name="field_type">record</value>
    <value name="field_dim">0</value>
    <value name="nillable">true</value>
    <array name="rec_fields" type="record" depth="1">
      <record javaclass="com.wm.util.Values">
        <value name="node_type">record</value>
        <value name="field_name">getAllOrdersOutput</value>
        <value name="field_type">record</value>
        <value name="field_dim">0</value>
        <value name="nillable">true</value>
        <array name="rec_fields" type="record" depth="1">
          <record javaclass="com.wm.util.Values">
            <value name="node_type">record</value>
            <value name="field_name">results</value>
            <value name="field_type">record</value>
            <value name="field_dim">1</value>
            <value name="nillable">true</value>
            <array name="rec_fields" type="record" depth="1">
              <record javaclass="com.wm.util.Values">
                <value name="node_type">unknown</value>
                <value name="field_name">OrderNo</value>
                <value name="field_type">string</value>
                <value name="field_dim">0</value>
                <value name="nillable">true</value>
              </record>
              <record javaclass="com.wm.util.Values">
                <value name="node_type">unknown</value>
                <value name="field_name">OrderDate</value>
                <value name="field_type">string</value>
                <value name="field_dim">0</value>
                <value name="nillable">true</value>
              </record>
              <record javaclass="com.wm.util.Values">
                <value name="node_type">unknown</value>
                <value name="field_name">OrderChgDate</value>
                <value name="field_type">string</value>
                <value name="field_dim">0</value>
                <value name="nillable">true</value>
              </record>
              <record javaclass="com.wm.util.Values">
                <value name="node_type">unknown</value>
                <value name="field_name">OrderAmount</value>
                <value name="field_type">string</value>
                <value name="field_dim">0</value>
                <value name="nillable">true</value>
              </record>
              <record javaclass="com.wm.util.Values">
                <value name="node_type">unknown</value>
                <value name="field_name">RequestedDate</value>
                <value name="field_type">string</value>
                <value name="field_dim">0</value>
                <value name="nillable">true</value>
              </record>
              <record javaclass="com.wm.util.Values">
                <value name="node_type">unknown</value>
                <value name="field_name">SalesCity</value>
                <value name="field_type">string</value>
                <value name="field_dim">0</value>
                <value name="nillable">true</value>
              </record>
              <record javaclass="com.wm.util.Values">
                <value name="node_type">unknown</value>
                <value name="field_name">SalesState</value>
                <value name="field_type">string</value>
                <value name="field_dim">0</value>
                <value name="nillable">true</value>
              </record>
              <record javaclass="com.wm.util.Values">
                <value name="node_type">unknown</value>
                <value name="field_name">Channel</value>
                <value name="field_type">string</value>
                <value name="field_dim">0</value>
                <value name="nillable">true</value>
              </record>
              <record javaclass="com.wm.util.Values">
                <value name="node_type">unknown</value>
                <value name="field_name">CustomerID</value>
                <value name="field_type">string</value>
                <value name="field_dim">0</value>
                <value name="nillable">true</value>
              </record>
              <record javaclass="com.wm.util.Values">
                <value name="node_type">unknown</value>
                <value name="field_name">CustomerName</value>
                <value name="field_type">string</value>
                <value name="field_dim">0</value>
                <value name="nillable">true</value>
              </record>
              <record javaclass="com.wm.util.Values">
                <value name="node_type">unknown</value>
                <value name="field_name">OrderStatus</value>
                <value name="field_type">string</value>
                <value name="field_dim">0</value>
                <value name="nillable">true</value>
              </record>
              <record javaclass="com.wm.util.Values">
                <value name="node_type">unknown</value>
                <value name="field_name">OrderCount</value>
                <value name="field_type">string</value>
                <value name="field_dim">0</value>
                <value name="nillable">true</value>
              </record>
              <record javaclass="com.wm.util.Values">
                <value name="node_type">unknown</value>
                <value name="field_name">OrderCurrency</value>
                <value name="field_type">string</value>
                <value name="field_dim">0</value>
                <value name="nillable">true</value>
              </record>
              <record javaclass="com.wm.util.Values">
                <value name="node_type">unknown</value>
                <value name="field_name">ItemCount</value>
                <value name="field_type">string</value>
                <value name="field_dim">0</value>
                <value name="nillable">true</value>
              </record>
              <record javaclass="com.wm.util.Values">
                <value name="node_type">unknown</value>
                <value name="field_name">OrderQty</value>
                <value name="field_type">string</value>
                <value name="field_dim">0</value>
                <value name="nillable">true</value>
              </record>
              <record javaclass="com.wm.util.Values">
                <value name="node_type">unknown</value>
                <value name="field_name">OrderDiscountPct</value>
                <value name="field_type">string</value>
                <value name="field_dim">0</value>
                <value name="nillable">true</value>
              </record>
              <record javaclass="com.wm.util.Values">
                <value name="node_type">unknown</value>
                <value name="field_name">CreditError</value>
                <value name="field_type">string</value>
                <value name="field_dim">0</value>
                <value name="nillable">true</value>
              </record>
              <record javaclass="com.wm.util.Values">
                <value name="node_type">unknown</value>
                <value name="field_name">PricingError</value>
                <value name="field_type">string</value>
                <value name="field_dim">0</value>
                <value name="nillable">true</value>
              </record>
              <record javaclass="com.wm.util.Values">
                <value name="node_type">unknown</value>
                <value name="field_name">ValidationError</value>
                <value name="field_type">string</value>
                <value name="field_dim">0</value>
                <value name="nillable">true</value>
              </record>
              <record javaclass="com.wm.util.Values">
                <value name="node_type">unknown</value>
                <value name="field_name">CustomerType</value>
                <value name="field_type">string</value>
                <value name="field_dim">0</value>
                <value name="nillable">true</value>
              </record>
              <record javaclass="com.wm.util.Values">
                <value name="node_type">unknown</value>
                <value name="field_name">SalesRegion</value>
                <value name="field_type">string</value>
                <value name="field_dim">0</value>
                <value name="nillable">true</value>
              </record>
              <record javaclass="com.wm.util.Values">
                <value name="node_type">unknown</value>
                <value name="field_name">SalesCountry</value>
                <value name="field_type">string</value>
                <value name="field_dim">0</value>
                <value name="nillable">true</value>
              </record>
              <record javaclass="com.wm.util.Values">
                <value name="node_type">unknown</value>
                <value name="field_name">Division</value>
                <value name="field_type">string</value>
                <value name="field_dim">0</value>
                <value name="nillable">true</value>
              </record>
              <record javaclass="com.wm.util.Values">
                <value name="node_type">unknown</value>
                <value name="field_name">OrderTimeSLA</value>
                <value name="field_type">string</value>
                <value name="field_dim">0</value>
                <value name="nillable">true</value>
              </record>
              <record javaclass="com.wm.util.Values">
                <value name="node_type">unknown</value>
                <value name="field_name">EngrgChg</value>
                <value name="field_type">string</value>
                <value name="field_dim">0</value>
                <value name="nillable">true</value>
              </record>
              <record javaclass="com.wm.util.Values">
                <value name="node_type">unknown</value>
                <value name="field_name">ItemChg</value>
                <value name="field_type">string</value>
                <value name="field_dim">0</value>
                <value name="nillable">true</value>
              </record>
              <record javaclass="com.wm.util.Values">
                <value name="node_type">unknown</value>
                <value name="field_name">ItemQtyChg</value>
                <value name="field_type">string</value>
                <value name="field_dim">0</value>
                <value name="nillable">true</value>
              </record>
              <record javaclass="com.wm.util.Values">
                <value name="node_type">unknown</value>
                <value name="field_name">RequestedDateChg</value>
                <value name="field_type">string</value>
                <value name="field_dim">0</value>
                <value name="nillable">true</value>
              </record>
              <record javaclass="com.wm.util.Values">
                <value name="node_type">unknown</value>
                <value name="field_name">ShippingChg</value>
                <value name="field_type">string</value>
                <value name="field_dim">0</value>
                <value name="nillable">true</value>
              </record>
              <record javaclass="com.wm.util.Values">
                <value name="node_type">unknown</value>
                <value name="field_name">PriceChg</value>
                <value name="field_type">string</value>
                <value name="field_dim">0</value>
                <value name="nillable">true</value>
              </record>
              <record javaclass="com.wm.util.Values">
                <value name="node_type">unknown</value>
                <value name="field_name">CommitDate</value>
                <value name="field_type">string</value>
                <value name="field_dim">0</value>
                <value name="nillable">true</value>
              </record>
              <record javaclass="com.wm.util.Values">
                <value name="node_type">unknown</value>
                <value name="field_name">CommitDateChg</value>
                <value name="field_type">string</value>
                <value name="field_dim">0</value>
                <value name="nillable">true</value>
              </record>
              <record javaclass="com.wm.util.Values">
                <value name="node_type">unknown</value>
                <value name="field_name">Plant</value>
                <value name="field_type">string</value>
                <value name="field_dim">0</value>
                <value name="nillable">true</value>
              </record>
              <record javaclass="com.wm.util.Values">
                <value name="node_type">unknown</value>
                <value name="field_name">AsRequestedCount</value>
                <value name="field_type">string</value>
                <value name="field_dim">0</value>
                <value name="nillable">true</value>
              </record>
              <record javaclass="com.wm.util.Values">
                <value name="node_type">unknown</value>
                <value name="field_name">ShipOnTimeCount</value>
                <value name="field_type">string</value>
                <value name="field_dim">0</value>
                <value name="nillable">true</value>
              </record>
              <record javaclass="com.wm.util.Values">
                <value name="node_type">unknown</value>
                <value name="field_name">DeliveryOnTimeCount</value>
                <value name="field_type">string</value>
                <value name="field_dim">0</value>
                <value name="nillable">true</value>
              </record>
              <record javaclass="com.wm.util.Values">
                <value name="node_type">unknown</value>
                <value name="field_name">OrderDateSLA</value>
                <value name="field_type">string</value>
                <value name="field_dim">0</value>
                <value name="nillable">true</value>
              </record>
              <record javaclass="com.wm.util.Values">
                <value name="node_type">unknown</value>
                <value name="field_name">OrderComments</value>
                <value name="field_type">string</value>
                <value name="field_dim">0</value>
                <value name="nillable">true</value>
              </record>
              <record javaclass="com.wm.util.Values">
                <value name="node_type">unknown</value>
                <value name="field_name">notes1</value>
                <value name="field_type">string</value>
                <value name="field_dim">0</value>
                <value name="nillable">true</value>
              </record>
              <record javaclass="com.wm.util.Values">
                <value name="node_type">unknown</value>
                <value name="field_name">notes2</value>
                <value name="field_type">string</value>
                <value name="field_dim">0</value>
                <value name="nillable">true</value>
              </record>
              <record javaclass="com.wm.util.Values">
                <value name="node_type">unknown</value>
                <value name="field_name">notes3</value>
                <value name="field_type">string</value>
                <value name="field_dim">0</value>
                <value name="nillable">true</value>
              </record>
              <record javaclass="com.wm.util.Values">
                <value name="node_type">unknown</value>
                <value name="field_name">notes4</value>
                <value name="field_type">string</value>
                <value name="field_dim">0</value>
                <value name="nillable">true</value>
              </record>
              <record javaclass="com.wm.util.Values">
                <value name="node_type">unknown</value>
                <value name="field_name">notes5</value>
                <value name="field_type">string</value>
                <value name="field_dim">0</value>
                <value name="nillable">true</value>
              </record>
            </array>
          </record>
          <record javaclass="com.wm.util.Values">
            <value name="node_type">unknown</value>
            <value name="field_name">rowsReturned</value>
            <value name="field_type">string</value>
            <value name="field_dim">0</value>
            <value name="nillable">true</value>
          </record>
        </array>
      </record>
    </array>
  </record>
</Values>
</MAPSOURCE>

  <!-- nodes -->

<MAPCOPY NAME="Link" FROM="/getAllOrdersOutput;2;0/results;2;1/OrderDate;1;0" TO="/orderInfo;4;1;WmPF_Common.documents.order:OrderHeader/OrderDate;1;0">
</MAPCOPY>

<MAPCOPY NAME="Link" FROM="/getAllOrdersOutput;2;0/results;2;1/OrderChgDate;1;0" TO="/orderInfo;4;1;WmPF_Common.documents.order:OrderHeader/OrderChgDate;1;0">
</MAPCOPY>

<MAPCOPY NAME="Link" FROM="/getAllOrdersOutput;2;0/results;2;1/OrderAmount;1;0" TO="/orderInfo;4;1;WmPF_Common.documents.order:OrderHeader/OrderAmount;1;0">
</MAPCOPY>

<MAPCOPY NAME="Link" FROM="/getAllOrdersOutput;2;0/results;2;1/RequestedDate;1;0" TO="/orderInfo;4;1;WmPF_Common.documents.order:OrderHeader/RequestedDate;1;0">
</MAPCOPY>

<MAPCOPY NAME="Link" FROM="/getAllOrdersOutput;2;0/results;2;1/SalesCity;1;0" TO="/orderInfo;4;1;WmPF_Common.documents.order:OrderHeader/SalesCity;1;0">
</MAPCOPY>

<MAPCOPY NAME="Link" FROM="/getAllOrdersOutput;2;0/results;2;1/SalesState;1;0" TO="/orderInfo;4;1;WmPF_Common.documents.order:OrderHeader/SalesState;1;0">
</MAPCOPY>

<MAPCOPY NAME="Link" FROM="/getAllOrdersOutput;2;0/results;2;1/Channel;1;0" TO="/orderInfo;4;1;WmPF_Common.documents.order:OrderHeader/Channel;1;0">
</MAPCOPY>

<MAPCOPY NAME="Link" FROM="/getAllOrdersOutput;2;0/results;2;1/CustomerID;1;0" TO="/orderInfo;4;1;WmPF_Common.documents.order:OrderHeader/CustomerID;1;0">
</MAPCOPY>

<MAPCOPY NAME="Link" FROM="/getAllOrdersOutput;2;0/results;2;1/CustomerName;1;0" TO="/orderInfo;4;1;WmPF_Common.documents.order:OrderHeader/CustomerName;1;0">
</MAPCOPY>

<MAPCOPY NAME="Link" FROM="/getAllOrdersOutput;2;0/results;2;1/OrderStatus;1;0" TO="/orderInfo;4;1;WmPF_Common.documents.order:OrderHeader/OrderStatus;1;0">
</MAPCOPY>

<MAPCOPY NAME="Link" FROM="/getAllOrdersOutput;2;0/results;2;1/OrderNo;1;0" TO="/orderInfo;4;1;WmPF_Common.documents.order:OrderHeader/OrderNo;1;0">
</MAPCOPY>

<MAPCOPY NAME="Link" FROM="/getAllOrdersOutput;2;0/results;2;1/OrderCount;1;0" TO="/orderInfo;4;1;WmPF_Common.documents.order:OrderHeader/OrderCount;1;0">
</MAPCOPY>

<MAPCOPY NAME="Link" FROM="/getAllOrdersOutput;2;0/results;2;1/OrderCurrency;1;0" TO="/orderInfo;4;1;WmPF_Common.documents.order:OrderHeader/OrderCurrency;1;0">
</MAPCOPY>

<MAPCOPY NAME="Link" FROM="/getAllOrdersOutput;2;0/results;2;1/ItemCount;1;0" TO="/orderInfo;4;1;WmPF_Common.documents.order:OrderHeader/ItemCount;1;0">
</MAPCOPY>

<MAPCOPY NAME="Link" FROM="/getAllOrdersOutput;2;0/results;2;1/OrderQty;1;0" TO="/orderInfo;4;1;WmPF_Common.documents.order:OrderHeader/OrderQty;1;0">
</MAPCOPY>

<MAPCOPY NAME="Link" FROM="/getAllOrdersOutput;2;0/results;2;1/OrderDiscountPct;1;0" TO="/orderInfo;4;1;WmPF_Common.documents.order:OrderHeader/OrderDiscountPct;1;0">
</MAPCOPY>

<MAPCOPY NAME="Link" FROM="/getAllOrdersOutput;2;0/results;2;1/CreditError;1;0" TO="/orderInfo;4;1;WmPF_Common.documents.order:OrderHeader/CreditError;1;0">
</MAPCOPY>

<MAPCOPY NAME="Link" FROM="/getAllOrdersOutput;2;0/results;2;1/PricingError;1;0" TO="/orderInfo;4;1;WmPF_Common.documents.order:OrderHeader/PricingError;1;0">
</MAPCOPY>

<MAPCOPY NAME="Link" FROM="/getAllOrdersOutput;2;0/results;2;1/ValidationError;1;0" TO="/orderInfo;4;1;WmPF_Common.documents.order:OrderHeader/ValidationError;1;0">
</MAPCOPY>

<MAPCOPY NAME="Link" FROM="/getAllOrdersOutput;2;0/results;2;1/CustomerType;1;0" TO="/orderInfo;4;1;WmPF_Common.documents.order:OrderHeader/CustomerType;1;0">
</MAPCOPY>

<MAPCOPY NAME="Link" FROM="/getAllOrdersOutput;2;0/results;2;1/SalesRegion;1;0" TO="/orderInfo;4;1;WmPF_Common.documents.order:OrderHeader/SalesRegion;1;0">
</MAPCOPY>

<MAPCOPY NAME="Link" FROM="/getAllOrdersOutput;2;0/results;2;1/SalesCountry;1;0" TO="/orderInfo;4;1;WmPF_Common.documents.order:OrderHeader/SalesCountry;1;0">
</MAPCOPY>

<MAPCOPY NAME="Link" FROM="/getAllOrdersOutput;2;0/results;2;1/Division;1;0" TO="/orderInfo;4;1;WmPF_Common.documents.order:OrderHeader/Division;1;0">
</MAPCOPY>

<MAPCOPY NAME="Link" FROM="/getAllOrdersOutput;2;0/results;2;1/OrderTimeSLA;1;0" TO="/orderInfo;4;1;WmPF_Common.documents.order:OrderHeader/OrderTimeSLA;1;0">
</MAPCOPY>

<MAPCOPY NAME="Link" FROM="/getAllOrdersOutput;2;0/results;2;1/EngrgChg;1;0" TO="/orderInfo;4;1;WmPF_Common.documents.order:OrderHeader/EngrgChg;1;0">
</MAPCOPY>

<MAPCOPY NAME="Link" FROM="/getAllOrdersOutput;2;0/results;2;1/ItemChg;1;0" TO="/orderInfo;4;1;WmPF_Common.documents.order:OrderHeader/ItemChg;1;0">
</MAPCOPY>

<MAPCOPY NAME="Link" FROM="/getAllOrdersOutput;2;0/results;2;1/ItemQtyChg;1;0" TO="/orderInfo;4;1;WmPF_Common.documents.order:OrderHeader/itemQtyChg;1;0">
</MAPCOPY>

<MAPCOPY NAME="Link" FROM="/getAllOrdersOutput;2;0/results;2;1/RequestedDateChg;1;0" TO="/orderInfo;4;1;WmPF_Common.documents.order:OrderHeader/RequestedDateChg;1;0">
</MAPCOPY>

<MAPCOPY NAME="Link" FROM="/getAllOrdersOutput;2;0/results;2;1/ShippingChg;1;0" TO="/orderInfo;4;1;WmPF_Common.documents.order:OrderHeader/ShippingChg;1;0">
</MAPCOPY>

<MAPCOPY NAME="Link" FROM="/getAllOrdersOutput;2;0/results;2;1/PriceChg;1;0" TO="/orderInfo;4;1;WmPF_Common.documents.order:OrderHeader/PriceChg;1;0">
</MAPCOPY>

<MAPCOPY NAME="Link" FROM="/getAllOrdersOutput;2;0/results;2;1/CommitDate;1;0" TO="/orderInfo;4;1;WmPF_Common.documents.order:OrderHeader/CommitDate;1;0">
</MAPCOPY>

<MAPCOPY NAME="Link" FROM="/getAllOrdersOutput;2;0/results;2;1/CommitDateChg;1;0" TO="/orderInfo;4;1;WmPF_Common.documents.order:OrderHeader/CommitDateChg;1;0">
</MAPCOPY>

<MAPCOPY NAME="Link" FROM="/getAllOrdersOutput;2;0/results;2;1/Plant;1;0" TO="/orderInfo;4;1;WmPF_Common.documents.order:OrderHeader/Plant;1;0">
</MAPCOPY>

<MAPCOPY NAME="Link" FROM="/getAllOrdersOutput;2;0/results;2;1/AsRequestedCount;1;0" TO="/orderInfo;4;1;WmPF_Common.documents.order:OrderHeader/AsRequestedCount;1;0">
</MAPCOPY>

<MAPCOPY NAME="Link" FROM="/getAllOrdersOutput;2;0/results;2;1/ShipOnTimeCount;1;0" TO="/orderInfo;4;1;WmPF_Common.documents.order:OrderHeader/ShipOnTimeCount;1;0">
</MAPCOPY>

<MAPCOPY NAME="Link" FROM="/getAllOrdersOutput;2;0/results;2;1/DeliveryOnTimeCount;1;0" TO="/orderInfo;4;1;WmPF_Common.documents.order:OrderHeader/DeliveryOnTimeCount;1;0">
</MAPCOPY>

<MAPCOPY NAME="Link" FROM="/getAllOrdersOutput;2;0/results;2;1/OrderDateSLA;1;0" TO="/orderInfo;4;1;WmPF_Common.documents.order:OrderHeader/OrderDateSLA;1;0">
</MAPCOPY>

<MAPCOPY NAME="Link" FROM="/getAllOrdersOutput;2;0/results;2;1/OrderComments;1;0" TO="/orderInfo;4;1;WmPF_Common.documents.order:OrderHeader/OrderComments;1;0">
</MAPCOPY>

<MAPCOPY NAME="Link" FROM="/getAllOrdersOutput;2;0/rowsReturned;1;0" TO="/rowsReturned;1;0">
</MAPCOPY>
</MAP>
</INVOKE>
</SEQUENCE>
</BRANCH>
</FLOW>
