<?xml version="1.0" encoding="UTF-8"?>

<FLOW VERSION="3.0" CLEANUP="true">
  <COMMENT></COMMENT>

  <!-- nodes -->

<BRANCH TIMEOUT="" SWITCH="/dataAccessMode">
  <COMMENT></COMMENT>

  <!-- nodes -->

<SEQUENCE NAME="SQL" TIMEOUT="" EXIT-ON="FAILURE">
  <COMMENT>SQL</COMMENT>

  <!-- nodes -->

<INVOKE TIMEOUT="" SERVICE="WmPF_Common.backend.services:getAllCustomers" VALIDATE-IN="$none" VALIDATE-OUT="$none">
  <COMMENT></COMMENT>

  <!-- nodes -->

<MAP MODE="INPUT">
</MAP>

<MAP MODE="OUTPUT">
</MAP>
</INVOKE>

<MAP TIMEOUT="" MODE="STANDALONE">
  <COMMENT></COMMENT>
  <MAPTARGET>

<Values version="2.0">
  <record name="xml" javaclass="com.wm.util.Values">
    <value name="node_type">record</value>
    <value name="field_type">record</value>
    <value name="field_dim">0</value>
    <value name="nillable">true</value>
    <array name="rec_fields" type="record" depth="1">
      <record javaclass="com.wm.util.Values">
        <value name="node_type">unknown</value>
        <value name="node_comment"></value>
        <record name="node_hints" javaclass="com.wm.util.Values">
          <null name="field_usereditable"/>
          <value name="field_largerEditor">false</value>
          <value name="field_password">false</value>
        </record>
        <value name="field_name">rowsReturned</value>
        <value name="field_type">string</value>
        <value name="field_dim">0</value>
        <value name="nillable">true</value>
      </record>
      <record javaclass="com.wm.util.Values">
        <value name="node_type">record</value>
        <value name="field_name">customerInfo</value>
        <value name="field_type">recref</value>
        <value name="field_dim">1</value>
        <value name="nillable">true</value>
        <value name="rec_ref">WmPF_Common.documents.customer:customerInfo</value>
      </record>
      <record javaclass="com.wm.util.Values">
        <value name="node_type">record</value>
        <value name="node_comment"></value>
        <record name="node_hints" javaclass="com.wm.util.Values">
          <value name="field_usereditable">false</value>
          <value name="field_largerEditor">false</value>
          <value name="field_password">false</value>
        </record>
        <value name="field_name">dataAccessMode</value>
        <value name="field_type">string</value>
        <value name="field_dim">0</value>
        <value name="field_opt">true</value>
        <array name="field_options" type="value" depth="1">
          <value>SQL</value>
          <value>Adabas</value>
          <value>Natural</value>
          <value>EntireX</value>
        </array>
        <value name="nillable">true</value>
      </record>
    </array>
  </record>
</Values>
</MAPTARGET>
  <MAPSOURCE>

<Values version="2.0">
  <record name="xml" javaclass="com.wm.util.Values">
    <value name="node_type">record</value>
    <value name="field_type">record</value>
    <value name="field_dim">0</value>
    <value name="nillable">true</value>
    <array name="rec_fields" type="record" depth="1">
      <record javaclass="com.wm.util.Values">
        <value name="node_type">record</value>
        <value name="field_name">getCustomerByIDInput</value>
        <value name="field_type">record</value>
        <value name="field_dim">0</value>
        <value name="nillable">true</value>
        <array name="rec_fields" type="record" depth="1">
        </array>
      </record>
      <record javaclass="com.wm.util.Values">
        <value name="node_type">unknown</value>
        <value name="field_name">customerID</value>
        <value name="field_type">string</value>
        <value name="field_dim">0</value>
        <value name="nillable">true</value>
      </record>
      <record javaclass="com.wm.util.Values">
        <value name="node_type">record</value>
        <value name="node_comment"></value>
        <record name="node_hints" javaclass="com.wm.util.Values">
          <value name="field_usereditable">false</value>
          <value name="field_largerEditor">false</value>
          <value name="field_password">false</value>
        </record>
        <value name="field_name">dataAccessMode</value>
        <value name="field_type">string</value>
        <value name="field_dim">0</value>
        <value name="field_opt">true</value>
        <array name="field_options" type="value" depth="1">
          <value>SQL</value>
          <value>Adabas</value>
          <value>Natural</value>
          <value>EntireX</value>
        </array>
        <value name="nillable">true</value>
      </record>
      <record javaclass="com.wm.util.Values">
        <value name="node_type">unknown</value>
        <value name="field_name">value</value>
        <value name="field_type">string</value>
        <value name="field_dim">0</value>
        <value name="nillable">true</value>
      </record>
      <record javaclass="com.wm.util.Values">
        <value name="node_type">record</value>
        <value name="field_name">getCustomerByIDOutput</value>
        <value name="field_type">record</value>
        <value name="field_dim">0</value>
        <value name="nillable">true</value>
        <array name="rec_fields" type="record" depth="1">
        </array>
      </record>
      <record javaclass="com.wm.util.Values">
        <value name="node_type">record</value>
        <value name="field_name">getAllCustomersOutput</value>
        <value name="field_type">record</value>
        <value name="field_dim">0</value>
        <value name="nillable">true</value>
        <array name="rec_fields" type="record" depth="1">
          <record javaclass="com.wm.util.Values">
            <value name="node_type">record</value>
            <value name="field_name">results</value>
            <value name="field_type">record</value>
            <value name="field_dim">1</value>
            <value name="nillable">true</value>
            <array name="rec_fields" type="record" depth="1">
              <record javaclass="com.wm.util.Values">
                <value name="node_type">unknown</value>
                <value name="field_name">CustomerID</value>
                <value name="field_type">string</value>
                <value name="field_dim">0</value>
                <value name="nillable">true</value>
              </record>
              <record javaclass="com.wm.util.Values">
                <value name="node_type">unknown</value>
                <value name="field_name">CompanyName</value>
                <value name="field_type">string</value>
                <value name="field_dim">0</value>
                <value name="nillable">true</value>
              </record>
              <record javaclass="com.wm.util.Values">
                <value name="node_type">unknown</value>
                <value name="field_name">CustomerType</value>
                <value name="field_type">string</value>
                <value name="field_dim">0</value>
                <value name="nillable">true</value>
              </record>
              <record javaclass="com.wm.util.Values">
                <value name="node_type">unknown</value>
                <value name="field_name">ContactName</value>
                <value name="field_type">string</value>
                <value name="field_dim">0</value>
                <value name="nillable">true</value>
              </record>
              <record javaclass="com.wm.util.Values">
                <value name="node_type">unknown</value>
                <value name="field_name">ContactTitle</value>
                <value name="field_type">string</value>
                <value name="field_dim">0</value>
                <value name="nillable">true</value>
              </record>
              <record javaclass="com.wm.util.Values">
                <value name="node_type">unknown</value>
                <value name="field_name">Address</value>
                <value name="field_type">string</value>
                <value name="field_dim">0</value>
                <value name="nillable">true</value>
              </record>
              <record javaclass="com.wm.util.Values">
                <value name="node_type">unknown</value>
                <value name="field_name">ShipToAddress</value>
                <value name="field_type">string</value>
                <value name="field_dim">0</value>
                <value name="nillable">true</value>
              </record>
              <record javaclass="com.wm.util.Values">
                <value name="node_type">unknown</value>
                <value name="field_name">City</value>
                <value name="field_type">string</value>
                <value name="field_dim">0</value>
                <value name="nillable">true</value>
              </record>
              <record javaclass="com.wm.util.Values">
                <value name="node_type">unknown</value>
                <value name="field_name">Region</value>
                <value name="field_type">string</value>
                <value name="field_dim">0</value>
                <value name="nillable">true</value>
              </record>
              <record javaclass="com.wm.util.Values">
                <value name="node_type">unknown</value>
                <value name="field_name">State</value>
                <value name="field_type">string</value>
                <value name="field_dim">0</value>
                <value name="nillable">true</value>
              </record>
              <record javaclass="com.wm.util.Values">
                <value name="node_type">unknown</value>
                <value name="field_name">PostalCode</value>
                <value name="field_type">string</value>
                <value name="field_dim">0</value>
                <value name="nillable">true</value>
              </record>
              <record javaclass="com.wm.util.Values">
                <value name="node_type">unknown</value>
                <value name="field_name">Country</value>
                <value name="field_type">string</value>
                <value name="field_dim">0</value>
                <value name="nillable">true</value>
              </record>
              <record javaclass="com.wm.util.Values">
                <value name="node_type">unknown</value>
                <value name="field_name">Phone</value>
                <value name="field_type">string</value>
                <value name="field_dim">0</value>
                <value name="nillable">true</value>
              </record>
              <record javaclass="com.wm.util.Values">
                <value name="node_type">unknown</value>
                <value name="field_name">Fax</value>
                <value name="field_type">string</value>
                <value name="field_dim">0</value>
                <value name="nillable">true</value>
              </record>
            </array>
          </record>
          <record javaclass="com.wm.util.Values">
            <value name="node_type">unknown</value>
            <value name="field_name">rowsReturned</value>
            <value name="field_type">string</value>
            <value name="field_dim">0</value>
            <value name="nillable">true</value>
          </record>
        </array>
      </record>
    </array>
  </record>
</Values>
</MAPSOURCE>

  <!-- nodes -->

<MAPDELETE NAME="Dropper" FIELD="/value;1;0">
</MAPDELETE>

<MAPDELETE NAME="Dropper" FIELD="/getCustomerByIDOutput;2;0">
</MAPDELETE>

<MAPDELETE NAME="Dropper" FIELD="/getCustomerByIDInput;2;0">
</MAPDELETE>

<MAPDELETE NAME="Dropper" FIELD="/customerID;1;0">
</MAPDELETE>

<MAPDELETE NAME="Dropper" FIELD="/getAllCustomersOutput;2;0">
</MAPDELETE>

<MAPCOPY NAME="Link" FROM="/getAllCustomersOutput;2;0/results;2;1" TO="/customerInfo;4;1;WmPF_Common.documents.customer:customerInfo">
</MAPCOPY>

<MAPCOPY NAME="Link" FROM="/getAllCustomersOutput;2;0/rowsReturned;1;0" TO="/rowsReturned;1;0">
</MAPCOPY>
</MAP>
</SEQUENCE>

<SEQUENCE NAME="Adabas" TIMEOUT="" EXIT-ON="FAILURE">
  <COMMENT></COMMENT>

  <!-- nodes -->

<INVOKE TIMEOUT="" SERVICE="WmPF_Legacy.Connections.AdabaseSG.Customers_.connectors:list" VALIDATE-IN="$none" VALIDATE-OUT="$none">
  <COMMENT></COMMENT>

  <!-- nodes -->

<MAP MODE="INPUT">
  <MAPTARGET>

<Values version="2.0">
  <record name="xml" javaclass="com.wm.util.Values">
    <value name="node_type">record</value>
    <value name="field_type">recref</value>
    <value name="field_dim">0</value>
    <value name="nillable">true</value>
    <value name="rec_ref">WmPF_Legacy.Connections.AdabaseSG.Customers_.docTypes:listRequest</value>
    <array name="rec_fields" type="record" depth="1">
      <record javaclass="com.wm.util.Values">
        <value name="node_type">record</value>
        <value name="field_name">asg:ORDER2CASH_CUSTOMERListElement</value>
        <value name="field_type">recref</value>
        <value name="field_dim">0</value>
        <value name="field_opt">true</value>
        <value name="nillable">true</value>
        <value name="field_xmlns">com.SOAGateway/ORDER2CASH_CUSTOMER</value>
        <value name="rec_closed">true</value>
        <record name="svc_universal_name" javaclass="com.wm.util.Values">
          <value name="xmlns">com.SOAGateway/ORDER2CASH_CUSTOMER</value>
          <value name="ncName">ORDER2CASH_CUSTOMERListElement</value>
        </record>
        <value name="rec_ref">WmPF_Legacy.Connections.AdabaseSG.Customers_.docTypes:docTypeRef_asg_ORDER2CASH_CUSTOMERKeyType</value>
      </record>
      <record javaclass="com.wm.util.Values">
        <value name="node_type">record</value>
        <value name="field_name">auth</value>
        <value name="field_type">record</value>
        <value name="field_dim">0</value>
        <value name="field_opt">true</value>
        <value name="nillable">true</value>
        <array name="rec_fields" type="record" depth="1">
          <record javaclass="com.wm.util.Values">
            <value name="node_type">record</value>
            <value name="field_name">transport</value>
            <value name="field_type">record</value>
            <value name="field_dim">0</value>
            <value name="field_opt">true</value>
            <value name="nillable">true</value>
            <array name="rec_fields" type="record" depth="1">
              <record javaclass="com.wm.util.Values">
                <value name="node_type">unknown</value>
                <value name="field_name">type</value>
                <value name="field_type">string</value>
                <value name="field_dim">0</value>
                <value name="field_opt">true</value>
                <value name="nillable">true</value>
              </record>
              <record javaclass="com.wm.util.Values">
                <value name="node_type">unknown</value>
                <value name="field_name">user</value>
                <value name="field_type">string</value>
                <value name="field_dim">0</value>
                <value name="field_opt">true</value>
                <value name="nillable">true</value>
              </record>
              <record javaclass="com.wm.util.Values">
                <value name="node_type">unknown</value>
                <record name="node_hints" javaclass="com.wm.util.Values">
                  <value name="field_password">true</value>
                </record>
                <value name="field_name">pass</value>
                <value name="field_type">string</value>
                <value name="field_dim">0</value>
                <value name="field_opt">true</value>
                <value name="nillable">true</value>
              </record>
              <record javaclass="com.wm.util.Values">
                <value name="node_type">record</value>
                <value name="field_name">serverCerts</value>
                <value name="field_type">record</value>
                <value name="field_dim">0</value>
                <value name="field_opt">true</value>
                <value name="nillable">true</value>
                <array name="rec_fields" type="record" depth="1">
                  <record javaclass="com.wm.util.Values">
                    <value name="node_type">unknown</value>
                    <value name="field_name">privateKey</value>
                    <value name="field_type">object</value>
                    <value name="field_dim">0</value>
                    <value name="nillable">true</value>
                  </record>
                  <record javaclass="com.wm.util.Values">
                    <value name="node_type">unknown</value>
                    <value name="field_name">certChain</value>
                    <value name="field_type">object</value>
                    <value name="field_dim">1</value>
                    <value name="nillable">true</value>
                  </record>
                </array>
                <value name="rec_closed">true</value>
              </record>
            </array>
            <value name="rec_closed">true</value>
          </record>
          <record javaclass="com.wm.util.Values">
            <value name="node_type">record</value>
            <value name="field_name">message</value>
            <value name="field_type">record</value>
            <value name="field_dim">0</value>
            <value name="field_opt">true</value>
            <value name="nillable">true</value>
            <array name="rec_fields" type="record" depth="1">
              <record javaclass="com.wm.util.Values">
                <value name="node_type">unknown</value>
                <value name="field_name">user</value>
                <value name="field_type">string</value>
                <value name="field_dim">0</value>
                <value name="field_opt">true</value>
                <value name="nillable">true</value>
              </record>
              <record javaclass="com.wm.util.Values">
                <value name="node_type">unknown</value>
                <record name="node_hints" javaclass="com.wm.util.Values">
                  <value name="field_password">true</value>
                </record>
                <value name="field_name">pass</value>
                <value name="field_type">string</value>
                <value name="field_dim">0</value>
                <value name="field_opt">true</value>
                <value name="nillable">true</value>
              </record>
              <record javaclass="com.wm.util.Values">
                <value name="node_type">record</value>
                <value name="field_name">serverCerts</value>
                <value name="field_type">record</value>
                <value name="field_dim">0</value>
                <value name="field_opt">true</value>
                <value name="nillable">true</value>
                <array name="rec_fields" type="record" depth="1">
                  <record javaclass="com.wm.util.Values">
                    <value name="node_type">unknown</value>
                    <value name="field_name">privateKey</value>
                    <value name="field_type">object</value>
                    <value name="field_dim">0</value>
                    <value name="nillable">true</value>
                  </record>
                  <record javaclass="com.wm.util.Values">
                    <value name="node_type">unknown</value>
                    <value name="field_name">certChain</value>
                    <value name="field_type">object</value>
                    <value name="field_dim">1</value>
                    <value name="nillable">true</value>
                  </record>
                </array>
                <value name="rec_closed">true</value>
              </record>
              <record javaclass="com.wm.util.Values">
                <value name="node_type">unknown</value>
                <value name="field_name">partnerCert</value>
                <value name="field_type">object</value>
                <value name="field_dim">0</value>
                <value name="field_opt">true</value>
                <value name="nillable">true</value>
              </record>
            </array>
            <value name="rec_closed">true</value>
          </record>
        </array>
        <value name="rec_closed">true</value>
      </record>
      <record javaclass="com.wm.util.Values">
        <value name="node_type">record</value>
        <value name="node_nsName">WmPF_ETS_MyPhone.adabas_SOA.mainframe_Customers_.docTypes:XMiddLeHeader</value>
        <value name="field_name">XMiddLeHeader</value>
        <value name="field_type">record</value>
        <value name="field_dim">0</value>
        <value name="field_opt">true</value>
        <value name="nillable">true</value>
        <array name="rec_fields" type="record" depth="1">
          <record javaclass="com.wm.util.Values">
            <value name="node_type">record</value>
            <value name="field_name">asg:ORDER2CASH_CUSTOMERHeader</value>
            <value name="field_type">record</value>
            <value name="field_dim">0</value>
            <value name="nillable">false</value>
            <value name="field_xmlns">com.SOAGateway/ORDER2CASH_CUSTOMER</value>
            <array name="rec_fields" type="record" depth="1">
              <record javaclass="com.wm.util.Values">
                <value name="node_type">record</value>
                <value name="field_name">Version</value>
                <value name="field_type">string</value>
                <value name="field_dim">0</value>
                <value name="field_opt">true</value>
                <record name="field_content_type" javaclass="com.wm.util.Values">
                  <value name="contentType">1</value>
                  <value name="internalType">reference</value>
                  <value name="dataTypeVersion">dtVersion2</value>
                  <array name="targetNames" type="record" depth="1">
                    <record javaclass="com.wm.util.Values">
                      <value name="xmlns">http://www.w3.org/2001/XMLSchema</value>
                      <value name="ncName">int</value>
                    </record>
                  </array>
                </record>
                <value name="nillable">false</value>
              </record>
              <record javaclass="com.wm.util.Values">
                <value name="node_type">record</value>
                <value name="field_name">ConversationState</value>
                <value name="field_type">string</value>
                <value name="field_dim">0</value>
                <value name="field_opt">true</value>
                <record name="field_content_type" javaclass="com.wm.util.Values">
                  <value name="contentType">1</value>
                  <value name="internalType">reference</value>
                  <value name="dataTypeVersion">dtVersion2</value>
                  <array name="targetNames" type="record" depth="1">
                    <record javaclass="com.wm.util.Values">
                      <value name="xmlns">http://www.w3.org/2001/XMLSchema</value>
                      <value name="ncName">string</value>
                    </record>
                  </array>
                </record>
                <value name="nillable">false</value>
              </record>
              <record javaclass="com.wm.util.Values">
                <value name="node_type">record</value>
                <value name="field_name">ConversationId</value>
                <value name="field_type">string</value>
                <value name="field_dim">0</value>
                <value name="field_opt">true</value>
                <record name="field_content_type" javaclass="com.wm.util.Values">
                  <value name="contentType">1</value>
                  <value name="internalType">reference</value>
                  <value name="dataTypeVersion">dtVersion2</value>
                  <array name="targetNames" type="record" depth="1">
                    <record javaclass="com.wm.util.Values">
                      <value name="xmlns">http://www.w3.org/2001/XMLSchema</value>
                      <value name="ncName">string</value>
                    </record>
                  </array>
                </record>
                <value name="nillable">false</value>
              </record>
              <record javaclass="com.wm.util.Values">
                <value name="node_type">record</value>
                <value name="field_name">TransactionState</value>
                <value name="field_type">string</value>
                <value name="field_dim">0</value>
                <value name="field_opt">true</value>
                <record name="field_content_type" javaclass="com.wm.util.Values">
                  <value name="contentType">1</value>
                  <value name="internalType">reference</value>
                  <value name="dataTypeVersion">dtVersion2</value>
                  <array name="targetNames" type="record" depth="1">
                    <record javaclass="com.wm.util.Values">
                      <value name="xmlns">http://www.w3.org/2001/XMLSchema</value>
                      <value name="ncName">string</value>
                    </record>
                  </array>
                </record>
                <value name="nillable">false</value>
              </record>
              <record javaclass="com.wm.util.Values">
                <value name="node_type">record</value>
                <value name="field_name">TransactionId</value>
                <value name="field_type">string</value>
                <value name="field_dim">0</value>
                <value name="field_opt">true</value>
                <record name="field_content_type" javaclass="com.wm.util.Values">
                  <value name="contentType">1</value>
                  <value name="internalType">reference</value>
                  <value name="dataTypeVersion">dtVersion2</value>
                  <array name="targetNames" type="record" depth="1">
                    <record javaclass="com.wm.util.Values">
                      <value name="xmlns">http://www.w3.org/2001/XMLSchema</value>
                      <value name="ncName">string</value>
                    </record>
                  </array>
                </record>
                <value name="nillable">false</value>
              </record>
              <record javaclass="com.wm.util.Values">
                <value name="node_type">record</value>
                <value name="field_name">SOAGateway_Internal_Adabas_ISN</value>
                <value name="field_type">string</value>
                <value name="field_dim">0</value>
                <value name="field_opt">true</value>
                <record name="field_content_type" javaclass="com.wm.util.Values">
                  <value name="contentType">1</value>
                  <value name="internalType">reference</value>
                  <value name="dataTypeVersion">dtVersion2</value>
                  <array name="targetNames" type="record" depth="1">
                    <record javaclass="com.wm.util.Values">
                      <value name="xmlns">http://www.w3.org/2001/XMLSchema</value>
                      <value name="ncName">string</value>
                    </record>
                  </array>
                </record>
                <value name="nillable">false</value>
              </record>
              <record javaclass="com.wm.util.Values">
                <value name="node_type">record</value>
                <value name="field_name">SOAGateway_Internal_Adabas_StartAtISN</value>
                <value name="field_type">string</value>
                <value name="field_dim">0</value>
                <value name="field_opt">true</value>
                <record name="field_content_type" javaclass="com.wm.util.Values">
                  <value name="contentType">1</value>
                  <value name="internalType">reference</value>
                  <value name="dataTypeVersion">dtVersion2</value>
                  <array name="targetNames" type="record" depth="1">
                    <record javaclass="com.wm.util.Values">
                      <value name="xmlns">http://www.w3.org/2001/XMLSchema</value>
                      <value name="ncName">string</value>
                    </record>
                  </array>
                </record>
                <value name="nillable">false</value>
              </record>
              <record javaclass="com.wm.util.Values">
                <value name="node_type">record</value>
                <value name="field_name">SOAGateway_Internal_Adabas_Read_Direction</value>
                <value name="field_type">string</value>
                <value name="field_dim">0</value>
                <value name="field_opt">true</value>
                <record name="field_content_type" javaclass="com.wm.util.Values">
                  <value name="contentType">1</value>
                  <value name="internalType">reference</value>
                  <value name="dataTypeVersion">dtVersion2</value>
                  <array name="targetNames" type="record" depth="1">
                    <record javaclass="com.wm.util.Values">
                      <value name="xmlns">http://www.w3.org/2001/XMLSchema</value>
                      <value name="ncName">string</value>
                    </record>
                  </array>
                </record>
                <value name="nillable">false</value>
              </record>
              <record javaclass="com.wm.util.Values">
                <value name="node_type">record</value>
                <value name="field_name">SOAGateway_Internal_Adabas_Sort_Order</value>
                <value name="field_type">string</value>
                <value name="field_dim">0</value>
                <value name="field_opt">true</value>
                <record name="field_content_type" javaclass="com.wm.util.Values">
                  <value name="contentType">1</value>
                  <value name="internalType">reference</value>
                  <value name="dataTypeVersion">dtVersion2</value>
                  <array name="targetNames" type="record" depth="1">
                    <record javaclass="com.wm.util.Values">
                      <value name="xmlns">http://www.w3.org/2001/XMLSchema</value>
                      <value name="ncName">string</value>
                    </record>
                  </array>
                </record>
                <value name="nillable">false</value>
              </record>
              <record javaclass="com.wm.util.Values">
                <value name="node_type">record</value>
                <value name="field_name">SOAGateway_Internal_Adabas_Password</value>
                <value name="field_type">string</value>
                <value name="field_dim">0</value>
                <value name="field_opt">true</value>
                <record name="field_content_type" javaclass="com.wm.util.Values">
                  <value name="contentType">1</value>
                  <value name="internalType">reference</value>
                  <value name="dataTypeVersion">dtVersion2</value>
                  <array name="targetNames" type="record" depth="1">
                    <record javaclass="com.wm.util.Values">
                      <value name="xmlns">http://www.w3.org/2001/XMLSchema</value>
                      <value name="ncName">string</value>
                    </record>
                  </array>
                </record>
                <value name="nillable">false</value>
              </record>
            </array>
            <value name="rec_closed">true</value>
          </record>
        </array>
        <value name="rec_closed">true</value>
        <record name="svc_universal_name" javaclass="com.wm.util.Values">
          <value name="xmlns">uri://daea.hq.sag:7743/DB204_Order2Cash_Customers</value>
          <value name="ncName">XMiddLeHeader</value>
        </record>
      </record>
      <record javaclass="com.wm.util.Values">
        <value name="node_type">unknown</value>
        <value name="field_name">timeout</value>
        <value name="field_type">string</value>
        <value name="field_dim">0</value>
        <value name="field_opt">true</value>
        <value name="nillable">true</value>
      </record>
      <record javaclass="com.wm.util.Values">
        <value name="node_type">unknown</value>
        <value name="field_name">_port</value>
        <value name="field_type">string</value>
        <value name="field_dim">0</value>
        <value name="field_opt">true</value>
        <value name="nillable">true</value>
      </record>
      <record javaclass="com.wm.util.Values">
        <value name="node_type">unknown</value>
        <value name="field_name">_url</value>
        <value name="field_type">string</value>
        <value name="field_dim">0</value>
        <value name="field_opt">true</value>
        <value name="nillable">true</value>
      </record>
    </array>
  </record>
</Values>
</MAPTARGET>
  <MAPSOURCE>

<Values version="2.0">
  <record name="xml" javaclass="com.wm.util.Values">
    <value name="node_type">record</value>
    <value name="field_type">record</value>
    <value name="field_dim">0</value>
    <value name="nillable">true</value>
    <array name="rec_fields" type="record" depth="1">
      <record javaclass="com.wm.util.Values">
        <value name="node_type">unknown</value>
        <value name="field_name">rowsReturned</value>
        <value name="field_type">string</value>
        <value name="field_dim">0</value>
        <value name="nillable">true</value>
      </record>
      <record javaclass="com.wm.util.Values">
        <value name="node_type">record</value>
        <value name="field_name">customerInfo</value>
        <value name="field_type">recref</value>
        <value name="field_dim">1</value>
        <value name="nillable">true</value>
        <value name="rec_ref">WmPF_Common.documents.customer:customerInfo</value>
      </record>
      <record javaclass="com.wm.util.Values">
        <value name="node_type">record</value>
        <value name="node_comment"></value>
        <record name="node_hints" javaclass="com.wm.util.Values">
          <value name="field_usereditable">false</value>
          <value name="field_largerEditor">false</value>
          <value name="field_password">false</value>
        </record>
        <value name="field_name">dataAccessMode</value>
        <value name="field_type">string</value>
        <value name="field_dim">0</value>
        <value name="field_opt">true</value>
        <array name="field_options" type="value" depth="1">
          <value>SQL</value>
          <value>Adabas</value>
          <value>Natural</value>
          <value>EntireX</value>
        </array>
        <value name="nillable">true</value>
      </record>
    </array>
  </record>
</Values>
</MAPSOURCE>

  <!-- nodes -->

<MAPDELETE NAME="Dropper" FIELD="/dataAccessMode;1;0">
</MAPDELETE>

<MAPSET NAME="Setter" OVERWRITE="true" VARIABLES="false" FIELD="/asg:ORDER2CASH_CUSTOMERListElement;4;0;WmPF_Legacy.Connections.AdabaseSG.Customers_.docTypes:docTypeRef_asg_ORDER2CASH_CUSTOMERKeyType/CUSTOMER_ID;1;0">
  <DATA ENCODING="XMLValues" I18N="true">

<Values version="2.0">
  <value name="xml">*</value>
  <record name="type" javaclass="com.wm.util.Values">
    <value name="node_type">record</value>
    <value name="field_name">CUSTOMER_ID</value>
    <value name="field_type">string</value>
    <value name="field_dim">0</value>
    <record name="field_content_type" javaclass="com.wm.util.Values">
      <value name="contentType">1</value>
      <value name="internalType">reference</value>
      <value name="dataTypeVersion">dtVersion2</value>
      <array name="targetNames" type="record" depth="1">
        <record javaclass="com.wm.util.Values">
          <value name="xmlns">http://www.w3.org/2001/XMLSchema</value>
          <value name="ncName">string</value>
        </record>
      </array>
    </record>
    <value name="nillable">false</value>
  </record>
</Values>
</DATA>
</MAPSET>
</MAP>

<MAP MODE="OUTPUT">
  <MAPTARGET>

<Values version="2.0">
  <record name="xml" javaclass="com.wm.util.Values">
    <value name="node_type">record</value>
    <value name="field_type">record</value>
    <value name="field_dim">0</value>
    <value name="nillable">true</value>
    <array name="rec_fields" type="record" depth="1">
      <record javaclass="com.wm.util.Values">
        <value name="node_type">record</value>
        <value name="field_name">asg:ORDER2CASH_CUSTOMERListElement</value>
        <value name="field_type">recref</value>
        <value name="field_dim">0</value>
        <value name="nillable">true</value>
        <value name="rec_ref">WmPF_Legacy.Connections.AdabaseSG.Customers_.docTypes:docTypeRef_asg_ORDER2CASH_CUSTOMERKeyType</value>
      </record>
      <record javaclass="com.wm.util.Values">
        <value name="node_type">unknown</value>
        <value name="field_name">rowsReturned</value>
        <value name="field_type">string</value>
        <value name="field_dim">0</value>
        <value name="nillable">true</value>
      </record>
      <record javaclass="com.wm.util.Values">
        <value name="node_type">record</value>
        <value name="field_name">customerInfo</value>
        <value name="field_type">recref</value>
        <value name="field_dim">1</value>
        <value name="nillable">true</value>
        <value name="rec_ref">WmPF_Common.documents.customer:customerInfo</value>
      </record>
      <record javaclass="com.wm.util.Values">
        <value name="node_type">record</value>
        <value name="field_name">asg:ORDER2CASH_CUSTOMER_ROOTElement</value>
        <value name="field_type">recref</value>
        <value name="field_dim">0</value>
        <value name="field_opt">true</value>
        <value name="nillable">true</value>
        <value name="field_xmlns">com.SOAGateway/ORDER2CASH_CUSTOMER</value>
        <value name="rec_closed">true</value>
        <record name="svc_universal_name" javaclass="com.wm.util.Values">
          <value name="xmlns">com.SOAGateway/ORDER2CASH_CUSTOMER</value>
          <value name="ncName">ORDER2CASH_CUSTOMER_ROOTElement</value>
        </record>
        <value name="rec_ref">WmPF_Legacy.Connections.AdabaseSG.Customers_.docTypes:docTypeRef_asg_ORDER2CASH_CUSTOMER_ROOTElementType</value>
      </record>
      <record javaclass="com.wm.util.Values">
        <value name="node_type">record</value>
        <value name="field_name">SOAP-FAULT</value>
        <value name="field_type">record</value>
        <value name="field_dim">0</value>
        <value name="field_opt">true</value>
        <value name="nillable">true</value>
        <array name="rec_fields" type="record" depth="1">
          <record javaclass="com.wm.util.Values">
            <value name="node_type">unknown</value>
            <value name="field_name">soapProtocol</value>
            <value name="field_type">string</value>
            <value name="field_dim">0</value>
            <array name="field_options" type="value" depth="1">
              <value>SOAP 1.1 Protocol</value>
              <value>SOAP 1.2 Protocol</value>
            </array>
            <value name="nillable">true</value>
          </record>
          <record javaclass="com.wm.util.Values">
            <value name="node_type">record</value>
            <value name="field_name">Fault_1_1</value>
            <value name="field_type">record</value>
            <value name="field_dim">0</value>
            <value name="field_opt">true</value>
            <value name="nillable">true</value>
            <array name="rec_fields" type="record" depth="1">
            </array>
          </record>
          <record javaclass="com.wm.util.Values">
            <value name="node_type">record</value>
            <value name="field_name">Fault_1_2</value>
            <value name="field_type">record</value>
            <value name="field_dim">0</value>
            <value name="field_opt">true</value>
            <value name="nillable">true</value>
            <array name="rec_fields" type="record" depth="1">
            </array>
          </record>
        </array>
      </record>
    </array>
  </record>
</Values>
</MAPTARGET>
  <MAPSOURCE>

<Values version="2.0">
  <record name="xml" javaclass="com.wm.util.Values">
    <value name="node_type">record</value>
    <value name="field_type">recref</value>
    <value name="field_dim">0</value>
    <value name="nillable">true</value>
    <value name="rec_ref">WmPF_Legacy.Connections.AdabaseSG.Customers_.docTypes:listResponse</value>
    <array name="rec_fields" type="record" depth="1">
      <record javaclass="com.wm.util.Values">
        <value name="node_type">record</value>
        <value name="field_name">asg:ORDER2CASH_CUSTOMER_ROOTElement</value>
        <value name="field_type">recref</value>
        <value name="field_dim">0</value>
        <value name="field_opt">true</value>
        <value name="nillable">true</value>
        <value name="field_xmlns">com.SOAGateway/ORDER2CASH_CUSTOMER</value>
        <value name="rec_closed">true</value>
        <record name="svc_universal_name" javaclass="com.wm.util.Values">
          <value name="xmlns">com.SOAGateway/ORDER2CASH_CUSTOMER</value>
          <value name="ncName">ORDER2CASH_CUSTOMER_ROOTElement</value>
        </record>
        <value name="rec_ref">WmPF_Legacy.Connections.AdabaseSG.Customers_.docTypes:docTypeRef_asg_ORDER2CASH_CUSTOMER_ROOTElementType</value>
      </record>
      <record javaclass="com.wm.util.Values">
        <value name="node_type">record</value>
        <value name="field_name">SOAP-FAULT</value>
        <value name="field_type">record</value>
        <value name="field_dim">0</value>
        <value name="field_opt">true</value>
        <value name="nillable">true</value>
        <array name="rec_fields" type="record" depth="1">
          <record javaclass="com.wm.util.Values">
            <value name="node_type">unknown</value>
            <value name="field_name">soapProtocol</value>
            <value name="field_type">string</value>
            <value name="field_dim">0</value>
            <array name="field_options" type="value" depth="1">
              <value>SOAP 1.1 Protocol</value>
              <value>SOAP 1.2 Protocol</value>
            </array>
            <value name="nillable">true</value>
          </record>
          <record javaclass="com.wm.util.Values">
            <value name="node_type">record</value>
            <value name="field_name">Fault_1_1</value>
            <value name="field_type">record</value>
            <value name="field_dim">0</value>
            <value name="field_opt">true</value>
            <value name="nillable">true</value>
            <array name="rec_fields" type="record" depth="1">
              <record javaclass="com.wm.util.Values">
                <value name="node_type">unknown</value>
                <value name="field_name">faultcode</value>
                <value name="field_type">string</value>
                <value name="field_dim">0</value>
                <value name="field_opt">true</value>
                <value name="nillable">true</value>
              </record>
              <record javaclass="com.wm.util.Values">
                <value name="node_type">unknown</value>
                <value name="field_name">faultstring</value>
                <value name="field_type">string</value>
                <value name="field_dim">0</value>
                <value name="field_opt">true</value>
                <value name="nillable">true</value>
              </record>
              <record javaclass="com.wm.util.Values">
                <value name="node_type">unknown</value>
                <value name="field_name">faultactor</value>
                <value name="field_type">string</value>
                <value name="field_dim">0</value>
                <value name="field_opt">true</value>
                <value name="nillable">true</value>
              </record>
              <record javaclass="com.wm.util.Values">
                <value name="node_type">record</value>
                <value name="field_name">detail</value>
                <value name="field_type">record</value>
                <value name="field_dim">0</value>
                <value name="field_opt">true</value>
                <value name="nillable">true</value>
                <array name="rec_fields" type="record" depth="1">
                  <record javaclass="com.wm.util.Values">
                    <value name="node_type">record</value>
                    <value name="field_name">asg:faultElement</value>
                    <value name="field_type">recref</value>
                    <value name="field_dim">0</value>
                    <value name="nillable">false</value>
                    <value name="field_xmlns">com.SOAGateway/ORDER2CASH_CUSTOMER</value>
                    <value name="rec_closed">true</value>
                    <record name="svc_universal_name" javaclass="com.wm.util.Values">
                      <value name="xmlns">com.SOAGateway/ORDER2CASH_CUSTOMER</value>
                      <value name="ncName">faultElement</value>
                    </record>
                    <value name="rec_ref">WmPF_ETS_MyPhone.adabas_SOA.mainframe_Customers_.docTypes:docTypeRef_asg_faultElementType</value>
                  </record>
                </array>
              </record>
            </array>
          </record>
          <record javaclass="com.wm.util.Values">
            <value name="node_type">record</value>
            <value name="field_name">Fault_1_2</value>
            <value name="field_type">record</value>
            <value name="field_dim">0</value>
            <value name="field_opt">true</value>
            <value name="nillable">true</value>
            <array name="rec_fields" type="record" depth="1">
              <record javaclass="com.wm.util.Values">
                <value name="node_type">record</value>
                <value name="field_name">SOAP-ENV:Code</value>
                <value name="field_type">record</value>
                <value name="field_dim">0</value>
                <value name="field_opt">true</value>
                <value name="nillable">true</value>
                <value name="field_xmlns">http://www.w3.org/2003/05/soap-envelope</value>
                <array name="rec_fields" type="record" depth="1">
                  <record javaclass="com.wm.util.Values">
                    <value name="node_type">unknown</value>
                    <value name="field_name">SOAP-ENV:Value</value>
                    <value name="field_type">string</value>
                    <value name="field_dim">0</value>
                    <value name="field_opt">true</value>
                    <value name="nillable">true</value>
                    <value name="field_xmlns">http://www.w3.org/2003/05/soap-envelope</value>
                  </record>
                </array>
              </record>
              <record javaclass="com.wm.util.Values">
                <value name="node_type">record</value>
                <value name="field_name">SOAP-ENV:Reason</value>
                <value name="field_type">record</value>
                <value name="field_dim">0</value>
                <value name="field_opt">true</value>
                <value name="nillable">true</value>
                <value name="field_xmlns">http://www.w3.org/2003/05/soap-envelope</value>
                <array name="rec_fields" type="record" depth="1">
                  <record javaclass="com.wm.util.Values">
                    <value name="node_type">record</value>
                    <value name="field_name">SOAP-ENV:Text</value>
                    <value name="field_type">record</value>
                    <value name="field_dim">0</value>
                    <value name="field_opt">true</value>
                    <value name="nillable">true</value>
                    <value name="field_xmlns">http://www.w3.org/2003/05/soap-envelope</value>
                    <array name="rec_fields" type="record" depth="1">
                      <record javaclass="com.wm.util.Values">
                        <value name="node_type">unknown</value>
                        <value name="field_name">@XML:lang</value>
                        <value name="field_type">string</value>
                        <value name="field_dim">0</value>
                        <value name="field_opt">true</value>
                        <value name="nillable">true</value>
                        <value name="field_xmlns">http://www.w3.org/XML/1998/namespace</value>
                      </record>
                      <record javaclass="com.wm.util.Values">
                        <value name="node_type">unknown</value>
                        <value name="field_name">*body</value>
                        <value name="field_type">string</value>
                        <value name="field_dim">0</value>
                        <value name="field_opt">true</value>
                        <value name="nillable">true</value>
                      </record>
                    </array>
                  </record>
                </array>
              </record>
              <record javaclass="com.wm.util.Values">
                <value name="node_type">unknown</value>
                <value name="field_name">SOAP-ENV:Role</value>
                <value name="field_type">string</value>
                <value name="field_dim">0</value>
                <value name="field_opt">true</value>
                <value name="nillable">true</value>
                <value name="field_xmlns">http://www.w3.org/2003/05/soap-envelope</value>
              </record>
              <record javaclass="com.wm.util.Values">
                <value name="node_type">record</value>
                <value name="field_name">SOAP-ENV:Detail</value>
                <value name="field_type">record</value>
                <value name="field_dim">0</value>
                <value name="field_opt">true</value>
                <value name="nillable">true</value>
                <value name="field_xmlns">http://www.w3.org/2003/05/soap-envelope</value>
                <array name="rec_fields" type="record" depth="1">
                  <record javaclass="com.wm.util.Values">
                    <value name="node_type">record</value>
                    <value name="field_name">asg:faultElement</value>
                    <value name="field_type">recref</value>
                    <value name="field_dim">0</value>
                    <value name="nillable">false</value>
                    <value name="field_xmlns">com.SOAGateway/ORDER2CASH_CUSTOMER</value>
                    <value name="rec_closed">true</value>
                    <record name="svc_universal_name" javaclass="com.wm.util.Values">
                      <value name="xmlns">com.SOAGateway/ORDER2CASH_CUSTOMER</value>
                      <value name="ncName">faultElement</value>
                    </record>
                    <value name="rec_ref">WmPF_ETS_MyPhone.adabas_SOA.mainframe_Customers_.docTypes:docTypeRef_asg_faultElementType</value>
                  </record>
                </array>
              </record>
            </array>
          </record>
        </array>
      </record>
    </array>
  </record>
</Values>
</MAPSOURCE>

  <!-- nodes -->

<MAPDELETE NAME="Dropper" FIELD="/asg:ORDER2CASH_CUSTOMERListElement;4;0;WmPF_Legacy.Connections.AdabaseSG.Customers_.docTypes:docTypeRef_asg_ORDER2CASH_CUSTOMERKeyType">
</MAPDELETE>

<MAPDELETE NAME="Dropper" FIELD="/SOAP-FAULT;2;0">
</MAPDELETE>
</MAP>
</INVOKE>

<MAP TIMEOUT="" MODE="STANDALONE">
  <COMMENT></COMMENT>
  <MAPTARGET>

<Values version="2.0">
  <record name="xml" javaclass="com.wm.util.Values">
    <value name="node_type">record</value>
    <value name="field_type">record</value>
    <value name="field_dim">0</value>
    <value name="nillable">true</value>
    <array name="rec_fields" type="record" depth="1">
      <record javaclass="com.wm.util.Values">
        <value name="node_type">unknown</value>
        <value name="node_comment"></value>
        <record name="node_hints" javaclass="com.wm.util.Values">
          <null name="field_usereditable"/>
          <value name="field_largerEditor">false</value>
          <value name="field_password">false</value>
        </record>
        <value name="field_name">rowsReturned</value>
        <value name="field_type">string</value>
        <value name="field_dim">0</value>
        <value name="nillable">true</value>
      </record>
      <record javaclass="com.wm.util.Values">
        <value name="node_type">record</value>
        <value name="field_name">customerInfo</value>
        <value name="field_type">recref</value>
        <value name="field_dim">1</value>
        <value name="nillable">true</value>
        <value name="rec_ref">WmPF_Common.documents.customer:customerInfo</value>
      </record>
      <record javaclass="com.wm.util.Values">
        <value name="node_type">record</value>
        <value name="field_name">asg:ORDER2CASH_CUSTOMER_ROOTElement</value>
        <value name="field_type">recref</value>
        <value name="field_dim">0</value>
        <value name="field_opt">true</value>
        <value name="nillable">true</value>
        <value name="field_xmlns">com.SOAGateway/ORDER2CASH_CUSTOMER</value>
        <value name="rec_closed">true</value>
        <record name="svc_universal_name" javaclass="com.wm.util.Values">
          <value name="xmlns">com.SOAGateway/ORDER2CASH_CUSTOMER</value>
          <value name="ncName">ORDER2CASH_CUSTOMER_ROOTElement</value>
        </record>
        <value name="rec_ref">WmPF_Legacy.Connections.AdabaseSG.Customers_.docTypes:docTypeRef_asg_ORDER2CASH_CUSTOMER_ROOTElementType</value>
      </record>
    </array>
  </record>
</Values>
</MAPTARGET>
  <MAPSOURCE>

<Values version="2.0">
  <record name="xml" javaclass="com.wm.util.Values">
    <value name="node_type">record</value>
    <value name="field_type">record</value>
    <value name="field_dim">0</value>
    <value name="nillable">true</value>
    <array name="rec_fields" type="record" depth="1">
      <record javaclass="com.wm.util.Values">
        <value name="node_type">unknown</value>
        <value name="field_name">rowsReturned</value>
        <value name="field_type">string</value>
        <value name="field_dim">0</value>
        <value name="nillable">true</value>
      </record>
      <record javaclass="com.wm.util.Values">
        <value name="node_type">record</value>
        <value name="field_name">customerInfo</value>
        <value name="field_type">recref</value>
        <value name="field_dim">1</value>
        <value name="nillable">true</value>
        <value name="rec_ref">WmPF_Common.documents.customer:customerInfo</value>
      </record>
      <record javaclass="com.wm.util.Values">
        <value name="node_type">record</value>
        <value name="field_name">asg:ORDER2CASH_CUSTOMER_ROOTElement</value>
        <value name="field_type">recref</value>
        <value name="field_dim">0</value>
        <value name="field_opt">true</value>
        <value name="nillable">true</value>
        <value name="field_xmlns">com.SOAGateway/ORDER2CASH_CUSTOMER</value>
        <value name="rec_closed">true</value>
        <record name="svc_universal_name" javaclass="com.wm.util.Values">
          <value name="xmlns">com.SOAGateway/ORDER2CASH_CUSTOMER</value>
          <value name="ncName">ORDER2CASH_CUSTOMER_ROOTElement</value>
        </record>
        <value name="rec_ref">WmPF_Legacy.Connections.AdabaseSG.Customers_.docTypes:docTypeRef_asg_ORDER2CASH_CUSTOMER_ROOTElementType</value>
      </record>
    </array>
  </record>
</Values>
</MAPSOURCE>

  <!-- nodes -->

<MAPCOPY NAME="Link" FROM="/asg:ORDER2CASH_CUSTOMER_ROOTElement;4;0;WmPF_Legacy.Connections.AdabaseSG.Customers_.docTypes:docTypeRef_asg_ORDER2CASH_CUSTOMER_ROOTElementType/ORDER2CASH_CUSTOMER_ROOT;4;0;WmPF_Legacy.Connections.AdabaseSG.Customers_.docTypes:docTypeRef_asg_ORDER2CASH_CUSTOMER_ROOTType/ORDER2CASH_CUSTOMER;4;1;WmPF_Legacy.Connections.AdabaseSG.Customers_.docTypes:docTypeRef_asg_ORDER2CASH_CUSTOMERType/CUSTOMER_ID;1;0" TO="/customerInfo;4;1;WmPF_Common.documents.customer:customerInfo/CustomerID;1;0">
</MAPCOPY>

<MAPCOPY NAME="Link" FROM="/asg:ORDER2CASH_CUSTOMER_ROOTElement;4;0;WmPF_Legacy.Connections.AdabaseSG.Customers_.docTypes:docTypeRef_asg_ORDER2CASH_CUSTOMER_ROOTElementType/ORDER2CASH_CUSTOMER_ROOT;4;0;WmPF_Legacy.Connections.AdabaseSG.Customers_.docTypes:docTypeRef_asg_ORDER2CASH_CUSTOMER_ROOTType/ORDER2CASH_CUSTOMER;4;1;WmPF_Legacy.Connections.AdabaseSG.Customers_.docTypes:docTypeRef_asg_ORDER2CASH_CUSTOMERType/COMPANY_NAME;1;0" TO="/customerInfo;4;1;WmPF_Common.documents.customer:customerInfo/CompanyName;1;0">
</MAPCOPY>

<MAPCOPY NAME="Link" FROM="/asg:ORDER2CASH_CUSTOMER_ROOTElement;4;0;WmPF_Legacy.Connections.AdabaseSG.Customers_.docTypes:docTypeRef_asg_ORDER2CASH_CUSTOMER_ROOTElementType/ORDER2CASH_CUSTOMER_ROOT;4;0;WmPF_Legacy.Connections.AdabaseSG.Customers_.docTypes:docTypeRef_asg_ORDER2CASH_CUSTOMER_ROOTType/ORDER2CASH_CUSTOMER;4;1;WmPF_Legacy.Connections.AdabaseSG.Customers_.docTypes:docTypeRef_asg_ORDER2CASH_CUSTOMERType/TYPE;1;0" TO="/customerInfo;4;1;WmPF_Common.documents.customer:customerInfo/CustomerType;1;0">
</MAPCOPY>

<MAPCOPY NAME="Link" FROM="/asg:ORDER2CASH_CUSTOMER_ROOTElement;4;0;WmPF_Legacy.Connections.AdabaseSG.Customers_.docTypes:docTypeRef_asg_ORDER2CASH_CUSTOMER_ROOTElementType/ORDER2CASH_CUSTOMER_ROOT;4;0;WmPF_Legacy.Connections.AdabaseSG.Customers_.docTypes:docTypeRef_asg_ORDER2CASH_CUSTOMER_ROOTType/ORDER2CASH_CUSTOMER;4;1;WmPF_Legacy.Connections.AdabaseSG.Customers_.docTypes:docTypeRef_asg_ORDER2CASH_CUSTOMERType/TITLE;1;0" TO="/customerInfo;4;1;WmPF_Common.documents.customer:customerInfo/ContactTitle;1;0">
</MAPCOPY>

<MAPCOPY NAME="Link" FROM="/asg:ORDER2CASH_CUSTOMER_ROOTElement;4;0;WmPF_Legacy.Connections.AdabaseSG.Customers_.docTypes:docTypeRef_asg_ORDER2CASH_CUSTOMER_ROOTElementType/ORDER2CASH_CUSTOMER_ROOT;4;0;WmPF_Legacy.Connections.AdabaseSG.Customers_.docTypes:docTypeRef_asg_ORDER2CASH_CUSTOMER_ROOTType/ORDER2CASH_CUSTOMER;4;1;WmPF_Legacy.Connections.AdabaseSG.Customers_.docTypes:docTypeRef_asg_ORDER2CASH_CUSTOMERType/CITY;1;0" TO="/customerInfo;4;1;WmPF_Common.documents.customer:customerInfo/City;1;0">
</MAPCOPY>

<MAPCOPY NAME="Link" FROM="/asg:ORDER2CASH_CUSTOMER_ROOTElement;4;0;WmPF_Legacy.Connections.AdabaseSG.Customers_.docTypes:docTypeRef_asg_ORDER2CASH_CUSTOMER_ROOTElementType/ORDER2CASH_CUSTOMER_ROOT;4;0;WmPF_Legacy.Connections.AdabaseSG.Customers_.docTypes:docTypeRef_asg_ORDER2CASH_CUSTOMER_ROOTType/ORDER2CASH_CUSTOMER;4;1;WmPF_Legacy.Connections.AdabaseSG.Customers_.docTypes:docTypeRef_asg_ORDER2CASH_CUSTOMERType/REGION;1;0" TO="/customerInfo;4;1;WmPF_Common.documents.customer:customerInfo/Region;1;0">
</MAPCOPY>

<MAPCOPY NAME="Link" FROM="/asg:ORDER2CASH_CUSTOMER_ROOTElement;4;0;WmPF_Legacy.Connections.AdabaseSG.Customers_.docTypes:docTypeRef_asg_ORDER2CASH_CUSTOMER_ROOTElementType/ORDER2CASH_CUSTOMER_ROOT;4;0;WmPF_Legacy.Connections.AdabaseSG.Customers_.docTypes:docTypeRef_asg_ORDER2CASH_CUSTOMER_ROOTType/ORDER2CASH_CUSTOMER;4;1;WmPF_Legacy.Connections.AdabaseSG.Customers_.docTypes:docTypeRef_asg_ORDER2CASH_CUSTOMERType/STATE;1;0" TO="/customerInfo;4;1;WmPF_Common.documents.customer:customerInfo/State;1;0">
</MAPCOPY>

<MAPCOPY NAME="Link" FROM="/asg:ORDER2CASH_CUSTOMER_ROOTElement;4;0;WmPF_Legacy.Connections.AdabaseSG.Customers_.docTypes:docTypeRef_asg_ORDER2CASH_CUSTOMER_ROOTElementType/ORDER2CASH_CUSTOMER_ROOT;4;0;WmPF_Legacy.Connections.AdabaseSG.Customers_.docTypes:docTypeRef_asg_ORDER2CASH_CUSTOMER_ROOTType/ORDER2CASH_CUSTOMER;4;1;WmPF_Legacy.Connections.AdabaseSG.Customers_.docTypes:docTypeRef_asg_ORDER2CASH_CUSTOMERType/POSTAL_CODE;1;0" TO="/customerInfo;4;1;WmPF_Common.documents.customer:customerInfo/PostalCode;1;0">
</MAPCOPY>

<MAPCOPY NAME="Link" FROM="/asg:ORDER2CASH_CUSTOMER_ROOTElement;4;0;WmPF_Legacy.Connections.AdabaseSG.Customers_.docTypes:docTypeRef_asg_ORDER2CASH_CUSTOMER_ROOTElementType/ORDER2CASH_CUSTOMER_ROOT;4;0;WmPF_Legacy.Connections.AdabaseSG.Customers_.docTypes:docTypeRef_asg_ORDER2CASH_CUSTOMER_ROOTType/ORDER2CASH_CUSTOMER;4;1;WmPF_Legacy.Connections.AdabaseSG.Customers_.docTypes:docTypeRef_asg_ORDER2CASH_CUSTOMERType/COUNTRY;1;0" TO="/customerInfo;4;1;WmPF_Common.documents.customer:customerInfo/Country;1;0">
</MAPCOPY>

<MAPCOPY NAME="Link" FROM="/asg:ORDER2CASH_CUSTOMER_ROOTElement;4;0;WmPF_Legacy.Connections.AdabaseSG.Customers_.docTypes:docTypeRef_asg_ORDER2CASH_CUSTOMER_ROOTElementType/ORDER2CASH_CUSTOMER_ROOT;4;0;WmPF_Legacy.Connections.AdabaseSG.Customers_.docTypes:docTypeRef_asg_ORDER2CASH_CUSTOMER_ROOTType/ORDER2CASH_CUSTOMER;4;1;WmPF_Legacy.Connections.AdabaseSG.Customers_.docTypes:docTypeRef_asg_ORDER2CASH_CUSTOMERType/PHONE;1;0" TO="/customerInfo;4;1;WmPF_Common.documents.customer:customerInfo/Phone;1;0">
</MAPCOPY>

<MAPCOPY NAME="Link" FROM="/asg:ORDER2CASH_CUSTOMER_ROOTElement;4;0;WmPF_Legacy.Connections.AdabaseSG.Customers_.docTypes:docTypeRef_asg_ORDER2CASH_CUSTOMER_ROOTElementType/ORDER2CASH_CUSTOMER_ROOT;4;0;WmPF_Legacy.Connections.AdabaseSG.Customers_.docTypes:docTypeRef_asg_ORDER2CASH_CUSTOMER_ROOTType/ORDER2CASH_CUSTOMER;4;1;WmPF_Legacy.Connections.AdabaseSG.Customers_.docTypes:docTypeRef_asg_ORDER2CASH_CUSTOMERType/FAX;1;0" TO="/customerInfo;4;1;WmPF_Common.documents.customer:customerInfo/Fax;1;0">
</MAPCOPY>

<MAPCOPY NAME="Link" FROM="/asg:ORDER2CASH_CUSTOMER_ROOTElement;4;0;WmPF_Legacy.Connections.AdabaseSG.Customers_.docTypes:docTypeRef_asg_ORDER2CASH_CUSTOMER_ROOTElementType/ORDER2CASH_CUSTOMER_ROOT;4;0;WmPF_Legacy.Connections.AdabaseSG.Customers_.docTypes:docTypeRef_asg_ORDER2CASH_CUSTOMER_ROOTType/ORDER2CASH_CUSTOMER;4;1;WmPF_Legacy.Connections.AdabaseSG.Customers_.docTypes:docTypeRef_asg_ORDER2CASH_CUSTOMERType/ADDRESS_1;1;0" TO="/customerInfo;4;1;WmPF_Common.documents.customer:customerInfo/Address;1;0">
</MAPCOPY>

<MAPCOPY NAME="Link" FROM="/asg:ORDER2CASH_CUSTOMER_ROOTElement;4;0;WmPF_Legacy.Connections.AdabaseSG.Customers_.docTypes:docTypeRef_asg_ORDER2CASH_CUSTOMER_ROOTElementType/ORDER2CASH_CUSTOMER_ROOT;4;0;WmPF_Legacy.Connections.AdabaseSG.Customers_.docTypes:docTypeRef_asg_ORDER2CASH_CUSTOMER_ROOTType/ORDER2CASH_CUSTOMER;4;1;WmPF_Legacy.Connections.AdabaseSG.Customers_.docTypes:docTypeRef_asg_ORDER2CASH_CUSTOMERType/LAST_NAME;1;0" TO="/customerInfo;4;1;WmPF_Common.documents.customer:customerInfo/ContactName;1;0">
</MAPCOPY>

<MAPDELETE NAME="Dropper" FIELD="/asg:ORDER2CASH_CUSTOMER_ROOTElement;4;0;WmPF_Legacy.Connections.AdabaseSG.Customers_.docTypes:docTypeRef_asg_ORDER2CASH_CUSTOMER_ROOTElementType">
</MAPDELETE>
</MAP>

<INVOKE TIMEOUT="" SERVICE="pub.list:sizeOfList" VALIDATE-IN="$none" VALIDATE-OUT="$none">
  <COMMENT></COMMENT>

  <!-- nodes -->

<MAP MODE="INPUT">
  <MAPTARGET>

<Values version="2.0">
  <record name="xml" javaclass="com.wm.util.Values">
    <value name="node_type">record</value>
    <value name="field_name">sizeOfListInput</value>
    <value name="field_type">record</value>
    <value name="field_dim">0</value>
    <value name="nillable">true</value>
    <array name="rec_fields" type="record" depth="1">
      <record javaclass="com.wm.util.Values">
        <value name="node_type">unknown</value>
        <value name="field_name">fromList</value>
        <value name="field_type">object</value>
        <value name="field_dim">1</value>
        <value name="field_opt">true</value>
        <value name="nillable">true</value>
      </record>
    </array>
  </record>
</Values>
</MAPTARGET>
  <MAPSOURCE>

<Values version="2.0">
  <record name="xml" javaclass="com.wm.util.Values">
    <value name="node_type">record</value>
    <value name="field_type">record</value>
    <value name="field_dim">0</value>
    <value name="nillable">true</value>
    <array name="rec_fields" type="record" depth="1">
      <record javaclass="com.wm.util.Values">
        <value name="node_type">unknown</value>
        <value name="field_name">rowsReturned</value>
        <value name="field_type">string</value>
        <value name="field_dim">0</value>
        <value name="nillable">true</value>
      </record>
      <record javaclass="com.wm.util.Values">
        <value name="node_type">record</value>
        <value name="field_name">customerInfo</value>
        <value name="field_type">recref</value>
        <value name="field_dim">1</value>
        <value name="nillable">true</value>
        <value name="rec_ref">WmPF_Common.documents.customer:customerInfo</value>
      </record>
    </array>
  </record>
</Values>
</MAPSOURCE>

  <!-- nodes -->

<MAPCOPY NAME="Link" FROM="/customerInfo;4;1;WmPF_Common.documents.customer:customerInfo" TO="/fromList;3;1">
</MAPCOPY>
</MAP>

<MAP MODE="OUTPUT">
  <MAPTARGET>

<Values version="2.0">
  <record name="xml" javaclass="com.wm.util.Values">
    <value name="node_type">record</value>
    <value name="field_type">record</value>
    <value name="field_dim">0</value>
    <value name="nillable">true</value>
    <array name="rec_fields" type="record" depth="1">
      <record javaclass="com.wm.util.Values">
        <value name="node_type">unknown</value>
        <value name="field_name">fromList</value>
        <value name="field_type">object</value>
        <value name="field_dim">1</value>
        <value name="nillable">true</value>
      </record>
      <record javaclass="com.wm.util.Values">
        <value name="node_type">unknown</value>
        <value name="node_comment"></value>
        <record name="node_hints" javaclass="com.wm.util.Values">
          <null name="field_usereditable"/>
          <value name="field_largerEditor">false</value>
          <value name="field_password">false</value>
        </record>
        <value name="field_name">rowsReturned</value>
        <value name="field_type">string</value>
        <value name="field_dim">0</value>
        <value name="nillable">true</value>
      </record>
      <record javaclass="com.wm.util.Values">
        <value name="node_type">record</value>
        <value name="field_name">customerInfo</value>
        <value name="field_type">recref</value>
        <value name="field_dim">1</value>
        <value name="nillable">true</value>
        <value name="rec_ref">WmPF_Common.documents.customer:customerInfo</value>
      </record>
      <record javaclass="com.wm.util.Values">
        <value name="node_type">unknown</value>
        <value name="field_name">size</value>
        <value name="field_type">string</value>
        <value name="field_dim">0</value>
        <value name="nillable">true</value>
      </record>
    </array>
  </record>
</Values>
</MAPTARGET>
  <MAPSOURCE>

<Values version="2.0">
  <record name="xml" javaclass="com.wm.util.Values">
    <value name="node_type">record</value>
    <value name="field_name">sizeOfListOutput</value>
    <value name="field_type">record</value>
    <value name="field_dim">0</value>
    <value name="nillable">true</value>
    <array name="rec_fields" type="record" depth="1">
      <record javaclass="com.wm.util.Values">
        <value name="node_type">unknown</value>
        <value name="field_name">size</value>
        <value name="field_type">string</value>
        <value name="field_dim">0</value>
        <value name="nillable">true</value>
      </record>
      <record javaclass="com.wm.util.Values">
        <value name="node_type">unknown</value>
        <value name="field_name">fromList</value>
        <value name="field_type">object</value>
        <value name="field_dim">1</value>
        <value name="nillable">true</value>
      </record>
    </array>
  </record>
</Values>
</MAPSOURCE>

  <!-- nodes -->

<MAPCOPY NAME="Link" FROM="/size;1;0" TO="/rowsReturned;1;0">
</MAPCOPY>

<MAPDELETE NAME="Dropper" FIELD="/size;1;0">
</MAPDELETE>

<MAPDELETE NAME="Dropper" FIELD="/fromList;3;1">
</MAPDELETE>
</MAP>
</INVOKE>
</SEQUENCE>

<SEQUENCE NAME="$default" TIMEOUT="" EXIT-ON="FAILURE">
  <COMMENT>SQL</COMMENT>

  <!-- nodes -->

<INVOKE TIMEOUT="" SERVICE="WmPF_Common.backend.services:getAllCustomers" VALIDATE-IN="$none" VALIDATE-OUT="$none">
  <COMMENT></COMMENT>

  <!-- nodes -->

<MAP MODE="INPUT">
</MAP>

<MAP MODE="OUTPUT">
</MAP>
</INVOKE>

<MAP TIMEOUT="" MODE="STANDALONE">
  <COMMENT></COMMENT>
  <MAPTARGET>

<Values version="2.0">
  <record name="xml" javaclass="com.wm.util.Values">
    <value name="node_type">record</value>
    <value name="field_type">record</value>
    <value name="field_dim">0</value>
    <value name="nillable">true</value>
    <array name="rec_fields" type="record" depth="1">
      <record javaclass="com.wm.util.Values">
        <value name="node_type">unknown</value>
        <value name="node_comment"></value>
        <record name="node_hints" javaclass="com.wm.util.Values">
          <null name="field_usereditable"/>
          <value name="field_largerEditor">false</value>
          <value name="field_password">false</value>
        </record>
        <value name="field_name">rowsReturned</value>
        <value name="field_type">string</value>
        <value name="field_dim">0</value>
        <value name="nillable">true</value>
      </record>
      <record javaclass="com.wm.util.Values">
        <value name="node_type">record</value>
        <value name="field_name">customerInfo</value>
        <value name="field_type">recref</value>
        <value name="field_dim">1</value>
        <value name="nillable">true</value>
        <value name="rec_ref">WmPF_Common.documents.customer:customerInfo</value>
      </record>
      <record javaclass="com.wm.util.Values">
        <value name="node_type">record</value>
        <value name="node_comment"></value>
        <record name="node_hints" javaclass="com.wm.util.Values">
          <value name="field_usereditable">false</value>
          <value name="field_largerEditor">false</value>
          <value name="field_password">false</value>
        </record>
        <value name="field_name">dataAccessMode</value>
        <value name="field_type">string</value>
        <value name="field_dim">0</value>
        <value name="field_opt">true</value>
        <array name="field_options" type="value" depth="1">
          <value>SQL</value>
          <value>Adabas</value>
          <value>Natural</value>
          <value>EntireX</value>
        </array>
        <value name="nillable">true</value>
      </record>
    </array>
  </record>
</Values>
</MAPTARGET>
  <MAPSOURCE>

<Values version="2.0">
  <record name="xml" javaclass="com.wm.util.Values">
    <value name="node_type">record</value>
    <value name="field_type">record</value>
    <value name="field_dim">0</value>
    <value name="nillable">true</value>
    <array name="rec_fields" type="record" depth="1">
      <record javaclass="com.wm.util.Values">
        <value name="node_type">record</value>
        <value name="field_name">getCustomerByIDInput</value>
        <value name="field_type">record</value>
        <value name="field_dim">0</value>
        <value name="nillable">true</value>
        <array name="rec_fields" type="record" depth="1">
        </array>
      </record>
      <record javaclass="com.wm.util.Values">
        <value name="node_type">unknown</value>
        <value name="field_name">customerID</value>
        <value name="field_type">string</value>
        <value name="field_dim">0</value>
        <value name="nillable">true</value>
      </record>
      <record javaclass="com.wm.util.Values">
        <value name="node_type">record</value>
        <value name="node_comment"></value>
        <record name="node_hints" javaclass="com.wm.util.Values">
          <value name="field_usereditable">false</value>
          <value name="field_largerEditor">false</value>
          <value name="field_password">false</value>
        </record>
        <value name="field_name">dataAccessMode</value>
        <value name="field_type">string</value>
        <value name="field_dim">0</value>
        <value name="field_opt">true</value>
        <array name="field_options" type="value" depth="1">
          <value>SQL</value>
          <value>Adabas</value>
          <value>Natural</value>
          <value>EntireX</value>
        </array>
        <value name="nillable">true</value>
      </record>
      <record javaclass="com.wm.util.Values">
        <value name="node_type">unknown</value>
        <value name="field_name">value</value>
        <value name="field_type">string</value>
        <value name="field_dim">0</value>
        <value name="nillable">true</value>
      </record>
      <record javaclass="com.wm.util.Values">
        <value name="node_type">record</value>
        <value name="field_name">getCustomerByIDOutput</value>
        <value name="field_type">record</value>
        <value name="field_dim">0</value>
        <value name="nillable">true</value>
        <array name="rec_fields" type="record" depth="1">
        </array>
      </record>
      <record javaclass="com.wm.util.Values">
        <value name="node_type">record</value>
        <value name="field_name">getAllCustomersOutput</value>
        <value name="field_type">record</value>
        <value name="field_dim">0</value>
        <value name="nillable">true</value>
        <array name="rec_fields" type="record" depth="1">
          <record javaclass="com.wm.util.Values">
            <value name="node_type">record</value>
            <value name="field_name">results</value>
            <value name="field_type">record</value>
            <value name="field_dim">1</value>
            <value name="nillable">true</value>
            <array name="rec_fields" type="record" depth="1">
              <record javaclass="com.wm.util.Values">
                <value name="node_type">unknown</value>
                <value name="field_name">CustomerID</value>
                <value name="field_type">string</value>
                <value name="field_dim">0</value>
                <value name="nillable">true</value>
              </record>
              <record javaclass="com.wm.util.Values">
                <value name="node_type">unknown</value>
                <value name="field_name">CompanyName</value>
                <value name="field_type">string</value>
                <value name="field_dim">0</value>
                <value name="nillable">true</value>
              </record>
              <record javaclass="com.wm.util.Values">
                <value name="node_type">unknown</value>
                <value name="field_name">CustomerType</value>
                <value name="field_type">string</value>
                <value name="field_dim">0</value>
                <value name="nillable">true</value>
              </record>
              <record javaclass="com.wm.util.Values">
                <value name="node_type">unknown</value>
                <value name="field_name">ContactName</value>
                <value name="field_type">string</value>
                <value name="field_dim">0</value>
                <value name="nillable">true</value>
              </record>
              <record javaclass="com.wm.util.Values">
                <value name="node_type">unknown</value>
                <value name="field_name">ContactTitle</value>
                <value name="field_type">string</value>
                <value name="field_dim">0</value>
                <value name="nillable">true</value>
              </record>
              <record javaclass="com.wm.util.Values">
                <value name="node_type">unknown</value>
                <value name="field_name">Address</value>
                <value name="field_type">string</value>
                <value name="field_dim">0</value>
                <value name="nillable">true</value>
              </record>
              <record javaclass="com.wm.util.Values">
                <value name="node_type">unknown</value>
                <value name="field_name">ShipToAddress</value>
                <value name="field_type">string</value>
                <value name="field_dim">0</value>
                <value name="nillable">true</value>
              </record>
              <record javaclass="com.wm.util.Values">
                <value name="node_type">unknown</value>
                <value name="field_name">City</value>
                <value name="field_type">string</value>
                <value name="field_dim">0</value>
                <value name="nillable">true</value>
              </record>
              <record javaclass="com.wm.util.Values">
                <value name="node_type">unknown</value>
                <value name="field_name">Region</value>
                <value name="field_type">string</value>
                <value name="field_dim">0</value>
                <value name="nillable">true</value>
              </record>
              <record javaclass="com.wm.util.Values">
                <value name="node_type">unknown</value>
                <value name="field_name">State</value>
                <value name="field_type">string</value>
                <value name="field_dim">0</value>
                <value name="nillable">true</value>
              </record>
              <record javaclass="com.wm.util.Values">
                <value name="node_type">unknown</value>
                <value name="field_name">PostalCode</value>
                <value name="field_type">string</value>
                <value name="field_dim">0</value>
                <value name="nillable">true</value>
              </record>
              <record javaclass="com.wm.util.Values">
                <value name="node_type">unknown</value>
                <value name="field_name">Country</value>
                <value name="field_type">string</value>
                <value name="field_dim">0</value>
                <value name="nillable">true</value>
              </record>
              <record javaclass="com.wm.util.Values">
                <value name="node_type">unknown</value>
                <value name="field_name">Phone</value>
                <value name="field_type">string</value>
                <value name="field_dim">0</value>
                <value name="nillable">true</value>
              </record>
              <record javaclass="com.wm.util.Values">
                <value name="node_type">unknown</value>
                <value name="field_name">Fax</value>
                <value name="field_type">string</value>
                <value name="field_dim">0</value>
                <value name="nillable">true</value>
              </record>
            </array>
          </record>
          <record javaclass="com.wm.util.Values">
            <value name="node_type">unknown</value>
            <value name="field_name">rowsReturned</value>
            <value name="field_type">string</value>
            <value name="field_dim">0</value>
            <value name="nillable">true</value>
          </record>
        </array>
      </record>
    </array>
  </record>
</Values>
</MAPSOURCE>

  <!-- nodes -->

<MAPDELETE NAME="Dropper" FIELD="/value;1;0">
</MAPDELETE>

<MAPDELETE NAME="Dropper" FIELD="/getCustomerByIDOutput;2;0">
</MAPDELETE>

<MAPDELETE NAME="Dropper" FIELD="/getCustomerByIDInput;2;0">
</MAPDELETE>

<MAPDELETE NAME="Dropper" FIELD="/customerID;1;0">
</MAPDELETE>

<MAPDELETE NAME="Dropper" FIELD="/getAllCustomersOutput;2;0">
</MAPDELETE>

<MAPCOPY NAME="Link" FROM="/getAllCustomersOutput;2;0/results;2;1" TO="/customerInfo;4;1;WmPF_Common.documents.customer:customerInfo">
</MAPCOPY>

<MAPCOPY NAME="Link" FROM="/getAllCustomersOutput;2;0/rowsReturned;1;0" TO="/rowsReturned;1;0">
</MAPCOPY>
</MAP>
</SEQUENCE>
</BRANCH>
</FLOW>
