<?xml version="1.0" encoding="UTF-8"?>

<IDataXMLCoder version="1.0">
  <record javaclass="com.wm.data.ISMemDataImpl">
    <idatacodable name="fragment" javaclass="com.wm.app.prt.model.PRTFragmentDef">
      <value name="modelId">pq__WmPFOrderToCash/O2C_otb</value>
      <value name="modelVersion">1</value>
      <null name="modelName"/>
      <value name="packageName">WmPF_OrderToCash</value>
      <value name="fragmentId">Default</value>
      <null name="focalRole"/>
      <value name="triggerName">WmPF_OrderToCash.O2C.O2C_1.Default:transitionTrigger</value>
      <value name="inputTriggerName">WmPF_OrderToCash.O2C.Default:subscriptionTrigger</value>
      <value name="synch">true</value>
      <value name="pubCorrEvents">false</value>
      <value name="minimumLogLevel">5</value>
      <value name="volGlobalData">false</value>
      <value name="singleServer">true</value>
      <value name="timeoutMs">0</value>
      <null name="timeout"/>
      <value name="processTimeoutMs">0</value>
      <null name="processTimeoutExpr"/>
      <value name="processTimeoutType">relative</value>
      <null name="error"/>
      <null name="userProps"/>
      <null name="partnerLinks"/>
      <null name="properties"/>
      <null name="globalVariables"/>
      <array name="steps" type="idatacodable" depth="1">
        <idatacodable javaclass="com.wm.app.prt.model.PRTStepDef">
          <value name="stepId">S69</value>
          <value name="isStart">false</value>
          <array name="inputs" type="idatacodable" depth="1">
            <idatacodable javaclass="com.wm.app.prt.model.PRTTransitionInputDef">
              <value name="sourceStepId">S66</value>
            </idatacodable>
          </array>
          <value name="servicePackage">WmPF_OrderToCash</value>
          <value name="serviceName">WmPF_OrderToCash.O2C.O2C_1.Default:Select_Carriers___Rate_Shipments</value>
          <array name="outputs" type="idatacodable" depth="1">
            <idatacodable javaclass="com.wm.app.prt.model.PRTTransitionOutputDef">
              <value name="isXpathCond">false</value>
              <value name="targetServerId">Default</value>
              <value name="targetStepId">C94_End</value>
              <null name="pipeKeys"/>
            </idatacodable>
          </array>
          <value name="timeoutMs">0</value>
          <value name="stepTimeoutMs">0</value>
          <value name="timeoutType"></value>
          <value name="stepTimeoutType"></value>
          <value name="timeoutCount">0</value>
          <value name="stepTimeoutCount">0</value>
          <value name="timeoutDelay">0</value>
          <value name="stepTimeoutDelay">0</value>
          <value name="retryMax">0</value>
          <value name="isSubEnd">false</value>
          <value name="isXPathJoinExpression">false</value>
        </idatacodable>
        <idatacodable javaclass="com.wm.app.prt.model.PRTStepDef">
          <value name="stepId">C94_End</value>
          <value name="isStart">false</value>
          <array name="inputs" type="idatacodable" depth="1">
            <idatacodable javaclass="com.wm.app.prt.model.PRTTransitionInputDef">
              <value name="sourceStepId">S69</value>
            </idatacodable>
          </array>
          <value name="servicePackage">WmPF_OrderToCash</value>
          <value name="serviceName">WmPF_OrderToCash.O2C.O2C_1.Default:Plan_Transportation_End</value>
          <array name="outputs" type="idatacodable" depth="1">
            <idatacodable javaclass="com.wm.app.prt.model.PRTTransitionOutputDef">
              <value name="isXpathCond">false</value>
              <value name="targetServerId">Default</value>
              <value name="targetStepId">S78</value>
              <null name="pipeKeys"/>
            </idatacodable>
          </array>
          <value name="timeoutMs">0</value>
          <value name="stepTimeoutMs">0</value>
          <value name="timeoutType">relative</value>
          <value name="stepTimeoutType"></value>
          <value name="timeoutCount">0</value>
          <value name="stepTimeoutCount">0</value>
          <value name="timeoutDelay">0</value>
          <value name="stepTimeoutDelay">0</value>
          <value name="retryMax">0</value>
          <value name="isSubEnd">false</value>
          <value name="isXPathJoinExpression">false</value>
        </idatacodable>
        <idatacodable javaclass="com.wm.app.prt.model.PRTPreTDEStep">
          <value name="stepId">PRETDE_S177</value>
          <value name="isStart">false</value>
          <array name="inputs" type="idatacodable" depth="1">
            <idatacodable javaclass="com.wm.app.prt.model.PRTTransitionInputDef">
              <value name="sourceStepId">S17</value>
            </idatacodable>
          </array>
          <value name="timeoutMs">0</value>
          <value name="stepTimeoutMs">0</value>
          <value name="timeoutType"></value>
          <value name="timeoutCount">0</value>
          <value name="stepTimeoutCount">0</value>
          <value name="timeoutDelay">0</value>
          <value name="stepTimeoutDelay">0</value>
          <value name="retryMax">0</value>
          <value name="isSubEnd">false</value>
          <value name="isXPathJoinExpression">false</value>
          <value name="inputMappingService">WmPF_OrderToCash.O2C.O2C_1.Default:Review_OrderInputMapService</value>
        </idatacodable>
        <idatacodable javaclass="com.wm.app.prt.model.PRTPostTDEStep">
          <value name="stepId">POSTTDE_S177</value>
          <value name="isStart">false</value>
          <array name="inputs" type="idatacodable" depth="1">
            <idatacodable javaclass="com.wm.app.prt.model.PRTTransitionInputDef">
              <value name="sourceStepId">_S177</value>
            </idatacodable>
          </array>
          <array name="outputs" type="idatacodable" depth="1">
            <idatacodable javaclass="com.wm.app.prt.model.PRTTransitionOutputDef">
              <value name="isXpathCond">false</value>
              <value name="targetServerId">Default</value>
              <value name="targetStepId">S24</value>
              <null name="pipeKeys"/>
            </idatacodable>
          </array>
          <value name="timeoutMs">0</value>
          <value name="stepTimeoutMs">0</value>
          <value name="timeoutCount">0</value>
          <value name="stepTimeoutCount">0</value>
          <value name="timeoutDelay">0</value>
          <value name="stepTimeoutDelay">0</value>
          <value name="retryMax">0</value>
          <value name="isSubEnd">false</value>
          <value name="isXPathJoinExpression">false</value>
          <value name="outputMappingService">WmPF_OrderToCash.O2C.O2C_1.Default:Review_OrderOutputMapService</value>
        </idatacodable>
        <idatacodable javaclass="com.wm.app.prt.model.PRTStepDef">
          <value name="stepId">S17</value>
          <value name="isStart">false</value>
          <array name="inputs" type="idatacodable" depth="1">
            <idatacodable javaclass="com.wm.app.prt.model.PRTTransitionInputDef">
              <value name="sourceStepId">S150</value>
            </idatacodable>
          </array>
          <value name="servicePackage">WmPF_OrderToCash</value>
          <value name="serviceName">WmPF_OrderToCash.O2C.O2C_1.Default:Validate_Order</value>
          <array name="outputs" type="idatacodable" depth="1">
            <idatacodable javaclass="com.wm.app.prt.model.PRTTransitionOutputDef">
              <value name="condition">!(%OrderData/OrderAmount% &gt; "2000")</value>
              <value name="isXpathCond">false</value>
              <value name="targetServerId">Default</value>
              <value name="targetStepId">S24</value>
              <null name="pipeKeys"/>
            </idatacodable>
            <idatacodable javaclass="com.wm.app.prt.model.PRTTransitionOutputDef">
              <value name="condition">%OrderData/OrderAmount% &gt; "2000"</value>
              <value name="isXpathCond">false</value>
              <value name="targetServerId">Default</value>
              <value name="targetStepId">PRETDE_S177</value>
              <null name="pipeKeys"/>
            </idatacodable>
          </array>
          <value name="timeoutMs">0</value>
          <value name="stepTimeoutMs">0</value>
          <value name="timeoutType"></value>
          <value name="stepTimeoutType"></value>
          <value name="timeoutCount">0</value>
          <value name="stepTimeoutCount">0</value>
          <value name="timeoutDelay">0</value>
          <value name="stepTimeoutDelay">0</value>
          <value name="retryMax">0</value>
          <value name="isSubEnd">false</value>
          <value name="isXPathJoinExpression">false</value>
        </idatacodable>
        <idatacodable javaclass="com.wm.app.prt.model.PRTStepDef">
          <value name="stepId">S63</value>
          <value name="isStart">false</value>
          <array name="inputs" type="idatacodable" depth="1">
            <idatacodable javaclass="com.wm.app.prt.model.PRTTransitionInputDef">
              <value name="sourceStepId">S60</value>
            </idatacodable>
          </array>
          <value name="servicePackage">WmPF_OrderToCash</value>
          <value name="serviceName">WmPF_OrderToCash.O2C.O2C_1.Default:Build_Loads</value>
          <array name="outputs" type="idatacodable" depth="1">
            <idatacodable javaclass="com.wm.app.prt.model.PRTTransitionOutputDef">
              <value name="isXpathCond">false</value>
              <value name="targetServerId">Default</value>
              <value name="targetStepId">S66</value>
              <null name="pipeKeys"/>
            </idatacodable>
          </array>
          <value name="timeoutMs">0</value>
          <value name="stepTimeoutMs">0</value>
          <value name="timeoutType"></value>
          <value name="stepTimeoutType"></value>
          <value name="timeoutCount">0</value>
          <value name="stepTimeoutCount">0</value>
          <value name="timeoutDelay">0</value>
          <value name="stepTimeoutDelay">0</value>
          <value name="retryMax">0</value>
          <value name="isSubEnd">false</value>
          <value name="isXPathJoinExpression">false</value>
        </idatacodable>
        <idatacodable javaclass="com.wm.app.prt.model.PRTStepDef">
          <value name="stepId">S150</value>
          <value name="isStart">true</value>
          <array name="inputs" type="idatacodable" depth="1">
            <idatacodable javaclass="com.wm.app.prt.model.PRTPublishedDocInputDef">
              <value name="docName">OrderData</value>
              <value name="docType">WmPF_OrderToCash.documents:OrderData</value>
              <value name="filter"></value>
              <value name="subprExit">false</value>
            </idatacodable>
          </array>
          <value name="servicePackage">WmPF_OrderToCash</value>
          <value name="serviceName">WmPF_OrderToCash.O2C.O2C_1.Default:Receive_Order</value>
          <array name="outputs" type="idatacodable" depth="1">
            <idatacodable javaclass="com.wm.app.prt.model.PRTTransitionOutputDef">
              <value name="isXpathCond">false</value>
              <value name="targetServerId">Default</value>
              <value name="targetStepId">S17</value>
              <null name="pipeKeys"/>
            </idatacodable>
          </array>
          <value name="timeoutMs">0</value>
          <value name="stepTimeoutMs">0</value>
          <value name="timeoutType"></value>
          <value name="stepTimeoutType"></value>
          <value name="timeoutCount">0</value>
          <value name="stepTimeoutCount">0</value>
          <value name="timeoutDelay">0</value>
          <value name="stepTimeoutDelay">0</value>
          <value name="retryMax">0</value>
          <value name="correlService"></value>
          <value name="isSubEnd">false</value>
          <value name="isXPathJoinExpression">false</value>
        </idatacodable>
        <idatacodable javaclass="com.wm.app.prt.model.PRTStepDef">
          <value name="stepId">S66</value>
          <value name="isStart">false</value>
          <array name="inputs" type="idatacodable" depth="1">
            <idatacodable javaclass="com.wm.app.prt.model.PRTTransitionInputDef">
              <value name="sourceStepId">S63</value>
            </idatacodable>
          </array>
          <value name="servicePackage">WmPF_OrderToCash</value>
          <value name="serviceName">WmPF_OrderToCash.O2C.O2C_1.Default:Route_Shipments</value>
          <array name="outputs" type="idatacodable" depth="1">
            <idatacodable javaclass="com.wm.app.prt.model.PRTTransitionOutputDef">
              <value name="isXpathCond">false</value>
              <value name="targetServerId">Default</value>
              <value name="targetStepId">S69</value>
              <null name="pipeKeys"/>
            </idatacodable>
          </array>
          <value name="timeoutMs">0</value>
          <value name="stepTimeoutMs">0</value>
          <value name="timeoutType"></value>
          <value name="stepTimeoutType"></value>
          <value name="timeoutCount">0</value>
          <value name="stepTimeoutCount">0</value>
          <value name="timeoutDelay">0</value>
          <value name="stepTimeoutDelay">0</value>
          <value name="retryMax">0</value>
          <value name="isSubEnd">false</value>
          <value name="isXPathJoinExpression">false</value>
        </idatacodable>
        <idatacodable javaclass="com.wm.app.prt.model.PRTStepDef">
          <value name="stepId">S20</value>
          <value name="isStart">false</value>
          <array name="inputs" type="idatacodable" depth="1">
            <idatacodable javaclass="com.wm.app.prt.model.PRTTransitionInputDef">
              <value name="sourceStepId">S24</value>
            </idatacodable>
          </array>
          <value name="servicePackage">WmPF_OrderToCash</value>
          <value name="serviceName">WmPF_OrderToCash.O2C.O2C_1.Default:Produce</value>
          <array name="outputs" type="idatacodable" depth="1">
            <idatacodable javaclass="com.wm.app.prt.model.PRTTransitionOutputDef">
              <value name="isXpathCond">false</value>
              <value name="targetServerId">Default</value>
              <value name="targetStepId">S30</value>
              <null name="pipeKeys"/>
            </idatacodable>
          </array>
          <value name="timeoutMs">0</value>
          <value name="stepTimeoutMs">0</value>
          <value name="timeoutType"></value>
          <value name="stepTimeoutType"></value>
          <value name="timeoutCount">0</value>
          <value name="stepTimeoutCount">0</value>
          <value name="timeoutDelay">0</value>
          <value name="stepTimeoutDelay">0</value>
          <value name="retryMax">0</value>
          <value name="isSubEnd">false</value>
          <value name="isXPathJoinExpression">false</value>
        </idatacodable>
        <idatacodable javaclass="com.wm.app.prt.model.PRTStepDef">
          <value name="stepId">S24</value>
          <value name="isStart">false</value>
          <array name="inputs" type="idatacodable" depth="1">
            <idatacodable javaclass="com.wm.app.prt.model.PRTTransitionInputDef">
              <value name="sourceStepId">S17</value>
            </idatacodable>
            <idatacodable javaclass="com.wm.app.prt.model.PRTTransitionInputDef">
              <value name="sourceStepId">POSTTDE_S177</value>
            </idatacodable>
          </array>
          <value name="servicePackage">WmPF_OrderToCash</value>
          <value name="serviceName">WmPF_OrderToCash.O2C.O2C_1.Default:Promise_Order</value>
          <array name="outputs" type="idatacodable" depth="1">
            <idatacodable javaclass="com.wm.app.prt.model.PRTTransitionOutputDef">
              <value name="isXpathCond">false</value>
              <value name="targetServerId">Default</value>
              <value name="targetStepId">S57</value>
              <null name="pipeKeys"/>
            </idatacodable>
            <idatacodable javaclass="com.wm.app.prt.model.PRTTransitionOutputDef">
              <value name="isXpathCond">false</value>
              <value name="targetServerId">Default</value>
              <value name="targetStepId">C94_Start</value>
              <null name="pipeKeys"/>
            </idatacodable>
            <idatacodable javaclass="com.wm.app.prt.model.PRTTransitionOutputDef">
              <value name="isXpathCond">false</value>
              <value name="targetServerId">Default</value>
              <value name="targetStepId">S20</value>
              <null name="pipeKeys"/>
            </idatacodable>
          </array>
          <value name="timeoutMs">0</value>
          <value name="stepTimeoutMs">0</value>
          <value name="timeoutType"></value>
          <value name="stepTimeoutType"></value>
          <value name="timeoutCount">0</value>
          <value name="stepTimeoutCount">0</value>
          <value name="timeoutDelay">0</value>
          <value name="stepTimeoutDelay">0</value>
          <value name="retryMax">0</value>
          <value name="isSubEnd">false</value>
          <value name="isXPathJoinExpression">false</value>
        </idatacodable>
        <idatacodable javaclass="com.wm.app.prt.model.PRTStepDef">
          <value name="stepId">S45</value>
          <value name="isStart">false</value>
          <array name="inputs" type="idatacodable" depth="1">
            <idatacodable javaclass="com.wm.app.prt.model.PRTTransitionInputDef">
              <value name="sourceStepId">S30</value>
            </idatacodable>
          </array>
          <value name="servicePackage">WmPF_OrderToCash</value>
          <value name="serviceName">WmPF_OrderToCash.O2C.O2C_1.Default:Invoice</value>
          <array name="outputs" type="idatacodable" depth="1">
            <idatacodable javaclass="com.wm.app.prt.model.PRTTransitionOutputDef">
              <value name="isXpathCond">false</value>
              <value name="targetServerId">Default</value>
              <value name="targetStepId">S50</value>
              <null name="pipeKeys"/>
            </idatacodable>
          </array>
          <value name="timeoutMs">0</value>
          <value name="stepTimeoutMs">0</value>
          <value name="timeoutType"></value>
          <value name="stepTimeoutType"></value>
          <value name="timeoutCount">0</value>
          <value name="stepTimeoutCount">0</value>
          <value name="timeoutDelay">0</value>
          <value name="stepTimeoutDelay">0</value>
          <value name="retryMax">0</value>
          <value name="isSubEnd">false</value>
          <value name="isXPathJoinExpression">false</value>
        </idatacodable>
        <idatacodable javaclass="com.wm.app.prt.model.PRTStepDef">
          <value name="stepId">S72</value>
          <value name="isStart">false</value>
          <array name="inputs" type="idatacodable" depth="1">
            <idatacodable javaclass="com.wm.app.prt.model.PRTTransitionInputDef">
              <value name="sourceStepId">S78</value>
            </idatacodable>
          </array>
          <value name="servicePackage">WmPF_OrderToCash</value>
          <value name="serviceName">WmPF_OrderToCash.O2C.O2C_1.Default:Pack_Product</value>
          <array name="outputs" type="idatacodable" depth="1">
            <idatacodable javaclass="com.wm.app.prt.model.PRTTransitionOutputDef">
              <value name="isXpathCond">false</value>
              <value name="targetServerId">Default</value>
              <value name="targetStepId">S75</value>
              <null name="pipeKeys"/>
            </idatacodable>
          </array>
          <value name="timeoutMs">0</value>
          <value name="stepTimeoutMs">0</value>
          <value name="timeoutType"></value>
          <value name="stepTimeoutType"></value>
          <value name="timeoutCount">0</value>
          <value name="stepTimeoutCount">0</value>
          <value name="timeoutDelay">0</value>
          <value name="stepTimeoutDelay">0</value>
          <value name="retryMax">0</value>
          <value name="isSubEnd">false</value>
          <value name="isXPathJoinExpression">false</value>
        </idatacodable>
        <idatacodable javaclass="com.wm.app.prt.model.PRTStepDef">
          <value name="stepId">S78</value>
          <value name="isStart">false</value>
          <array name="inputs" type="idatacodable" depth="1">
            <idatacodable javaclass="com.wm.app.prt.model.PRTTransitionInputDef">
              <value name="sourceStepId">C94_End</value>
            </idatacodable>
          </array>
          <value name="servicePackage">WmPF_OrderToCash</value>
          <value name="serviceName">WmPF_OrderToCash.O2C.O2C_1.Default:Pick_Product</value>
          <array name="outputs" type="idatacodable" depth="1">
            <idatacodable javaclass="com.wm.app.prt.model.PRTTransitionOutputDef">
              <value name="isXpathCond">false</value>
              <value name="targetServerId">Default</value>
              <value name="targetStepId">S72</value>
              <null name="pipeKeys"/>
            </idatacodable>
          </array>
          <value name="timeoutMs">0</value>
          <value name="stepTimeoutMs">0</value>
          <value name="timeoutType"></value>
          <value name="stepTimeoutType"></value>
          <value name="timeoutCount">0</value>
          <value name="stepTimeoutCount">0</value>
          <value name="timeoutDelay">0</value>
          <value name="stepTimeoutDelay">0</value>
          <value name="retryMax">0</value>
          <value name="isSubEnd">false</value>
          <value name="isXPathJoinExpression">false</value>
        </idatacodable>
        <idatacodable javaclass="com.wm.app.prt.model.PRTStepDef">
          <value name="stepId">S50</value>
          <value name="isStart">false</value>
          <array name="inputs" type="idatacodable" depth="1">
            <idatacodable javaclass="com.wm.app.prt.model.PRTTransitionInputDef">
              <value name="sourceStepId">S45</value>
            </idatacodable>
          </array>
          <array name="logged" type="idatacodable" depth="1">
            <idatacodable javaclass="com.wm.app.prt.model.PRTLoggedFieldDef">
              <value name="docName">OrderData</value>
              <value name="fieldName">DeliveryOnTimeCount</value>
              <value name="fieldAlias">DeliveryOnTimeCount</value>
              <value name="fieldType">0</value>
              <value name="isTN">false</value>
              <value name="isGlobalData">false</value>
            </idatacodable>
            <idatacodable javaclass="com.wm.app.prt.model.PRTLoggedFieldDef">
              <value name="docName">OrderData</value>
              <value name="fieldName">OrderCount</value>
              <value name="fieldAlias">OrderCount</value>
              <value name="fieldType">0</value>
              <value name="isTN">false</value>
              <value name="isGlobalData">false</value>
            </idatacodable>
            <idatacodable javaclass="com.wm.app.prt.model.PRTLoggedFieldDef">
              <value name="docName">OrderData</value>
              <value name="fieldName">SalesState</value>
              <value name="fieldAlias">SalesState</value>
              <value name="fieldType">0</value>
              <value name="isTN">false</value>
              <value name="isGlobalData">false</value>
            </idatacodable>
            <idatacodable javaclass="com.wm.app.prt.model.PRTLoggedFieldDef">
              <value name="docName">OrderData</value>
              <value name="fieldName">CreditError</value>
              <value name="fieldAlias">CreditError</value>
              <value name="fieldType">0</value>
              <value name="isTN">false</value>
              <value name="isGlobalData">false</value>
            </idatacodable>
            <idatacodable javaclass="com.wm.app.prt.model.PRTLoggedFieldDef">
              <value name="docName">OrderData</value>
              <value name="fieldName">itemQtyChg</value>
              <value name="fieldAlias">itemQtyChg</value>
              <value name="fieldType">0</value>
              <value name="isTN">false</value>
              <value name="isGlobalData">false</value>
            </idatacodable>
            <idatacodable javaclass="com.wm.app.prt.model.PRTLoggedFieldDef">
              <value name="docName">OrderData</value>
              <value name="fieldName">CustomerrID</value>
              <value name="fieldAlias">CustomerrID</value>
              <value name="fieldType">0</value>
              <value name="isTN">false</value>
              <value name="isGlobalData">false</value>
            </idatacodable>
            <idatacodable javaclass="com.wm.app.prt.model.PRTLoggedFieldDef">
              <value name="docName">OrderData</value>
              <value name="fieldName">Plant</value>
              <value name="fieldAlias">Plant</value>
              <value name="fieldType">0</value>
              <value name="isTN">false</value>
              <value name="isGlobalData">false</value>
            </idatacodable>
            <idatacodable javaclass="com.wm.app.prt.model.PRTLoggedFieldDef">
              <value name="docName">OrderData</value>
              <value name="fieldName">RequestedDate</value>
              <value name="fieldAlias">RequestedDate</value>
              <value name="fieldType">0</value>
              <value name="isTN">false</value>
              <value name="isGlobalData">false</value>
            </idatacodable>
            <idatacodable javaclass="com.wm.app.prt.model.PRTLoggedFieldDef">
              <value name="docName">OrderData</value>
              <value name="fieldName">CustomerType</value>
              <value name="fieldAlias">CustomerType</value>
              <value name="fieldType">0</value>
              <value name="isTN">false</value>
              <value name="isGlobalData">false</value>
            </idatacodable>
            <idatacodable javaclass="com.wm.app.prt.model.PRTLoggedFieldDef">
              <value name="docName">OrderData</value>
              <value name="fieldName"></value>
              <value name="fieldAlias">OrderData</value>
              <value name="fieldType">3</value>
              <value name="isTN">false</value>
              <value name="isGlobalData">false</value>
            </idatacodable>
            <idatacodable javaclass="com.wm.app.prt.model.PRTLoggedFieldDef">
              <value name="docName">OrderData</value>
              <value name="fieldName">CustomerName</value>
              <value name="fieldAlias">CustomerName</value>
              <value name="fieldType">0</value>
              <value name="isTN">false</value>
              <value name="isGlobalData">false</value>
            </idatacodable>
            <idatacodable javaclass="com.wm.app.prt.model.PRTLoggedFieldDef">
              <value name="docName">OrderData</value>
              <value name="fieldName">OrderNo</value>
              <value name="fieldAlias">OrderNo</value>
              <value name="fieldType">0</value>
              <value name="isTN">false</value>
              <value name="isGlobalData">false</value>
            </idatacodable>
            <idatacodable javaclass="com.wm.app.prt.model.PRTLoggedFieldDef">
              <value name="docName">OrderData</value>
              <value name="fieldName">PricingError</value>
              <value name="fieldAlias">PricingError</value>
              <value name="fieldType">0</value>
              <value name="isTN">false</value>
              <value name="isGlobalData">false</value>
            </idatacodable>
            <idatacodable javaclass="com.wm.app.prt.model.PRTLoggedFieldDef">
              <value name="docName">OrderData</value>
              <value name="fieldName">ItemCount</value>
              <value name="fieldAlias">ItemCount</value>
              <value name="fieldType">0</value>
              <value name="isTN">false</value>
              <value name="isGlobalData">false</value>
            </idatacodable>
            <idatacodable javaclass="com.wm.app.prt.model.PRTLoggedFieldDef">
              <value name="docName">OrderData</value>
              <value name="fieldName">PriceChg</value>
              <value name="fieldAlias">PriceChg</value>
              <value name="fieldType">0</value>
              <value name="isTN">false</value>
              <value name="isGlobalData">false</value>
            </idatacodable>
            <idatacodable javaclass="com.wm.app.prt.model.PRTLoggedFieldDef">
              <value name="docName">OrderData</value>
              <value name="fieldName">OrderQty</value>
              <value name="fieldAlias">OrderQty</value>
              <value name="fieldType">0</value>
              <value name="isTN">false</value>
              <value name="isGlobalData">false</value>
            </idatacodable>
            <idatacodable javaclass="com.wm.app.prt.model.PRTLoggedFieldDef">
              <value name="docName">OrderData</value>
              <value name="fieldName">OrderStatus</value>
              <value name="fieldAlias">OrderStatus</value>
              <value name="fieldType">0</value>
              <value name="isTN">false</value>
              <value name="isGlobalData">false</value>
            </idatacodable>
            <idatacodable javaclass="com.wm.app.prt.model.PRTLoggedFieldDef">
              <value name="docName">OrderData</value>
              <value name="fieldName">OrderDateSLA</value>
              <value name="fieldAlias">OrderDateSLA</value>
              <value name="fieldType">0</value>
              <value name="isTN">false</value>
              <value name="isGlobalData">false</value>
            </idatacodable>
            <idatacodable javaclass="com.wm.app.prt.model.PRTLoggedFieldDef">
              <value name="docName">OrderData</value>
              <value name="fieldName">OrderChgDate</value>
              <value name="fieldAlias">OrderChgDate</value>
              <value name="fieldType">0</value>
              <value name="isTN">false</value>
              <value name="isGlobalData">false</value>
            </idatacodable>
            <idatacodable javaclass="com.wm.app.prt.model.PRTLoggedFieldDef">
              <value name="docName">OrderData</value>
              <value name="fieldName">ItemChg</value>
              <value name="fieldAlias">ItemChg</value>
              <value name="fieldType">0</value>
              <value name="isTN">false</value>
              <value name="isGlobalData">false</value>
            </idatacodable>
            <idatacodable javaclass="com.wm.app.prt.model.PRTLoggedFieldDef">
              <value name="docName">OrderData</value>
              <value name="fieldName">RequestedDateChg</value>
              <value name="fieldAlias">RequestedDateChg</value>
              <value name="fieldType">0</value>
              <value name="isTN">false</value>
              <value name="isGlobalData">false</value>
            </idatacodable>
            <idatacodable javaclass="com.wm.app.prt.model.PRTLoggedFieldDef">
              <value name="docName">OrderData</value>
              <value name="fieldName">OrderDate</value>
              <value name="fieldAlias">OrderDate</value>
              <value name="fieldType">0</value>
              <value name="isTN">false</value>
              <value name="isGlobalData">false</value>
            </idatacodable>
            <idatacodable javaclass="com.wm.app.prt.model.PRTLoggedFieldDef">
              <value name="docName">OrderData</value>
              <value name="fieldName">Channel</value>
              <value name="fieldAlias">Channel</value>
              <value name="fieldType">0</value>
              <value name="isTN">false</value>
              <value name="isGlobalData">false</value>
            </idatacodable>
            <idatacodable javaclass="com.wm.app.prt.model.PRTLoggedFieldDef">
              <value name="docName">OrderData</value>
              <value name="fieldName">ShippingChg</value>
              <value name="fieldAlias">ShippingChg</value>
              <value name="fieldType">0</value>
              <value name="isTN">false</value>
              <value name="isGlobalData">false</value>
            </idatacodable>
            <idatacodable javaclass="com.wm.app.prt.model.PRTLoggedFieldDef">
              <value name="docName">OrderData</value>
              <value name="fieldName">OrderTimeSLA</value>
              <value name="fieldAlias">OrderTimeSLA</value>
              <value name="fieldType">0</value>
              <value name="isTN">false</value>
              <value name="isGlobalData">false</value>
            </idatacodable>
            <idatacodable javaclass="com.wm.app.prt.model.PRTLoggedFieldDef">
              <value name="docName">OrderData</value>
              <value name="fieldName">EngrgChg</value>
              <value name="fieldAlias">EngrgChg</value>
              <value name="fieldType">0</value>
              <value name="isTN">false</value>
              <value name="isGlobalData">false</value>
            </idatacodable>
            <idatacodable javaclass="com.wm.app.prt.model.PRTLoggedFieldDef">
              <value name="docName">OrderData</value>
              <value name="fieldName">ShipOnTimeCount</value>
              <value name="fieldAlias">ShipOnTimeCount</value>
              <value name="fieldType">0</value>
              <value name="isTN">false</value>
              <value name="isGlobalData">false</value>
            </idatacodable>
            <idatacodable javaclass="com.wm.app.prt.model.PRTLoggedFieldDef">
              <value name="docName">OrderData</value>
              <value name="fieldName">OrderAmount</value>
              <value name="fieldAlias">OrderAmount</value>
              <value name="fieldType">0</value>
              <value name="isTN">false</value>
              <value name="isGlobalData">false</value>
            </idatacodable>
            <idatacodable javaclass="com.wm.app.prt.model.PRTLoggedFieldDef">
              <value name="docName">OrderData</value>
              <value name="fieldName">ItemData/ProductName</value>
              <value name="fieldAlias">ItemData/ProductName</value>
              <value name="fieldType">0</value>
              <value name="isTN">false</value>
              <value name="isGlobalData">false</value>
            </idatacodable>
            <idatacodable javaclass="com.wm.app.prt.model.PRTLoggedFieldDef">
              <value name="docName">OrderData</value>
              <value name="fieldName">CommitDate</value>
              <value name="fieldAlias">CommitDate</value>
              <value name="fieldType">0</value>
              <value name="isTN">false</value>
              <value name="isGlobalData">false</value>
            </idatacodable>
            <idatacodable javaclass="com.wm.app.prt.model.PRTLoggedFieldDef">
              <value name="docName">OrderData</value>
              <value name="fieldName">AsRequestedCount</value>
              <value name="fieldAlias">AsRequestedCount</value>
              <value name="fieldType">0</value>
              <value name="isTN">false</value>
              <value name="isGlobalData">false</value>
            </idatacodable>
            <idatacodable javaclass="com.wm.app.prt.model.PRTLoggedFieldDef">
              <value name="docName">OrderData</value>
              <value name="fieldName">ValidationError</value>
              <value name="fieldAlias">ValidationError</value>
              <value name="fieldType">0</value>
              <value name="isTN">false</value>
              <value name="isGlobalData">false</value>
            </idatacodable>
            <idatacodable javaclass="com.wm.app.prt.model.PRTLoggedFieldDef">
              <value name="docName">OrderData</value>
              <value name="fieldName">CommitDateChg</value>
              <value name="fieldAlias">CommitDateChg</value>
              <value name="fieldType">0</value>
              <value name="isTN">false</value>
              <value name="isGlobalData">false</value>
            </idatacodable>
            <idatacodable javaclass="com.wm.app.prt.model.PRTLoggedFieldDef">
              <value name="docName">OrderData</value>
              <value name="fieldName">SalesRegion</value>
              <value name="fieldAlias">SalesRegion</value>
              <value name="fieldType">0</value>
              <value name="isTN">false</value>
              <value name="isGlobalData">false</value>
            </idatacodable>
            <idatacodable javaclass="com.wm.app.prt.model.PRTLoggedFieldDef">
              <value name="docName">OrderData</value>
              <value name="fieldName">Division</value>
              <value name="fieldAlias">Division</value>
              <value name="fieldType">0</value>
              <value name="isTN">false</value>
              <value name="isGlobalData">false</value>
            </idatacodable>
            <idatacodable javaclass="com.wm.app.prt.model.PRTLoggedFieldDef">
              <value name="docName">OrderData</value>
              <value name="fieldName">OrderCurrency</value>
              <value name="fieldAlias">OrderCurrency</value>
              <value name="fieldType">0</value>
              <value name="isTN">false</value>
              <value name="isGlobalData">false</value>
            </idatacodable>
          </array>
          <value name="servicePackage">WmPF_OrderToCash</value>
          <value name="serviceName">WmPF_OrderToCash.O2C.O2C_1.Default:Receive_Payment</value>
          <value name="timeoutMs">0</value>
          <value name="stepTimeoutMs">0</value>
          <value name="timeoutType"></value>
          <value name="stepTimeoutType"></value>
          <value name="timeoutCount">0</value>
          <value name="stepTimeoutCount">0</value>
          <value name="timeoutDelay">0</value>
          <value name="stepTimeoutDelay">0</value>
          <value name="retryMax">0</value>
          <value name="isSubEnd">false</value>
          <value name="isXPathJoinExpression">false</value>
        </idatacodable>
        <idatacodable javaclass="com.wm.app.prt.model.PRTStepDef">
          <value name="stepId">S57</value>
          <value name="isStart">false</value>
          <array name="inputs" type="idatacodable" depth="1">
            <idatacodable javaclass="com.wm.app.prt.model.PRTTransitionInputDef">
              <value name="sourceStepId">S24</value>
            </idatacodable>
          </array>
          <value name="servicePackage">WmPF_OrderToCash</value>
          <value name="serviceName">WmPF_OrderToCash.O2C.O2C_1.Default:Release_Order_to_Factory</value>
          <value name="timeoutMs">0</value>
          <value name="stepTimeoutMs">0</value>
          <value name="timeoutType"></value>
          <value name="stepTimeoutType"></value>
          <value name="timeoutCount">0</value>
          <value name="stepTimeoutCount">0</value>
          <value name="timeoutDelay">0</value>
          <value name="stepTimeoutDelay">0</value>
          <value name="retryMax">0</value>
          <value name="isSubEnd">false</value>
          <value name="isXPathJoinExpression">false</value>
        </idatacodable>
        <idatacodable javaclass="com.wm.app.prt.model.PRTStepDef">
          <value name="stepId">S75</value>
          <value name="isStart">false</value>
          <array name="inputs" type="idatacodable" depth="1">
            <idatacodable javaclass="com.wm.app.prt.model.PRTTransitionInputDef">
              <value name="sourceStepId">S72</value>
            </idatacodable>
          </array>
          <value name="servicePackage">WmPF_OrderToCash</value>
          <value name="serviceName">WmPF_OrderToCash.O2C.O2C_1.Default:Load_Vehicle___Generate_Shipping_Documentation</value>
          <array name="outputs" type="idatacodable" depth="1">
            <idatacodable javaclass="com.wm.app.prt.model.PRTTransitionOutputDef">
              <value name="isXpathCond">false</value>
              <value name="targetServerId">Default</value>
              <value name="targetStepId">S30</value>
              <null name="pipeKeys"/>
            </idatacodable>
          </array>
          <value name="timeoutMs">0</value>
          <value name="stepTimeoutMs">0</value>
          <value name="timeoutType"></value>
          <value name="stepTimeoutType"></value>
          <value name="timeoutCount">0</value>
          <value name="stepTimeoutCount">0</value>
          <value name="timeoutDelay">0</value>
          <value name="stepTimeoutDelay">0</value>
          <value name="retryMax">0</value>
          <value name="isSubEnd">false</value>
          <value name="isXPathJoinExpression">false</value>
        </idatacodable>
        <idatacodable javaclass="com.wm.app.prt.model.PRTStepDef">
          <value name="stepId">C94_Start</value>
          <value name="isStart">false</value>
          <array name="inputs" type="idatacodable" depth="1">
            <idatacodable javaclass="com.wm.app.prt.model.PRTTransitionInputDef">
              <value name="sourceStepId">S24</value>
            </idatacodable>
          </array>
          <value name="servicePackage">WmPF_OrderToCash</value>
          <value name="serviceName">WmPF_OrderToCash.O2C.O2C_1.Default:Plan_Transportation_Start</value>
          <array name="outputs" type="idatacodable" depth="1">
            <idatacodable javaclass="com.wm.app.prt.model.PRTTransitionOutputDef">
              <value name="isXpathCond">false</value>
              <value name="targetServerId">Default</value>
              <value name="targetStepId">S60</value>
              <null name="pipeKeys"/>
            </idatacodable>
          </array>
          <value name="timeoutMs">0</value>
          <value name="stepTimeoutMs">0</value>
          <value name="timeoutType"></value>
          <value name="stepTimeoutType"></value>
          <value name="timeoutCount">0</value>
          <value name="stepTimeoutCount">0</value>
          <value name="timeoutDelay">0</value>
          <value name="stepTimeoutDelay">0</value>
          <value name="retryMax">0</value>
          <value name="isSubEnd">false</value>
          <value name="isXPathJoinExpression">false</value>
        </idatacodable>
        <idatacodable javaclass="com.wm.app.prt.model.PRTStepDef">
          <value name="stepId">S30</value>
          <value name="isStart">false</value>
          <value name="joinExpression">(xor:pq__WmPFOrderToCash.O2C_otb-814054183 TX-FROM-S75 TX-FROM-S20)</value>
          <array name="inputs" type="idatacodable" depth="1">
            <idatacodable javaclass="com.wm.app.prt.model.PRTTransitionInputDef">
              <value name="sourceStepId">S75</value>
            </idatacodable>
            <idatacodable javaclass="com.wm.app.prt.model.PRTTransitionInputDef">
              <value name="sourceStepId">S20</value>
            </idatacodable>
          </array>
          <value name="servicePackage">WmPF_OrderToCash</value>
          <value name="serviceName">WmPF_OrderToCash.O2C.O2C_1.Default:Ship</value>
          <array name="outputs" type="idatacodable" depth="1">
            <idatacodable javaclass="com.wm.app.prt.model.PRTTransitionOutputDef">
              <value name="isXpathCond">false</value>
              <value name="targetServerId">Default</value>
              <value name="targetStepId">S45</value>
              <null name="pipeKeys"/>
            </idatacodable>
          </array>
          <value name="timeoutMs">0</value>
          <value name="stepTimeoutMs">0</value>
          <value name="timeoutType">relative</value>
          <value name="stepTimeoutType"></value>
          <value name="timeoutCount">0</value>
          <value name="stepTimeoutCount">0</value>
          <value name="timeoutDelay">0</value>
          <value name="stepTimeoutDelay">0</value>
          <value name="retryMax">0</value>
          <value name="isSubEnd">false</value>
          <value name="isXPathJoinExpression">false</value>
        </idatacodable>
        <idatacodable javaclass="com.wm.app.prt.model.PRTStepDef">
          <value name="stepId">S60</value>
          <value name="isStart">false</value>
          <array name="inputs" type="idatacodable" depth="1">
            <idatacodable javaclass="com.wm.app.prt.model.PRTTransitionInputDef">
              <value name="sourceStepId">C94_Start</value>
            </idatacodable>
          </array>
          <value name="servicePackage">WmPF_OrderToCash</value>
          <value name="serviceName">WmPF_OrderToCash.O2C.O2C_1.Default:Consolidate_Orders</value>
          <array name="outputs" type="idatacodable" depth="1">
            <idatacodable javaclass="com.wm.app.prt.model.PRTTransitionOutputDef">
              <value name="isXpathCond">false</value>
              <value name="targetServerId">Default</value>
              <value name="targetStepId">S63</value>
              <null name="pipeKeys"/>
            </idatacodable>
          </array>
          <value name="timeoutMs">0</value>
          <value name="stepTimeoutMs">0</value>
          <value name="timeoutType"></value>
          <value name="stepTimeoutType"></value>
          <value name="timeoutCount">0</value>
          <value name="stepTimeoutCount">0</value>
          <value name="timeoutDelay">0</value>
          <value name="stepTimeoutDelay">0</value>
          <value name="retryMax">0</value>
          <value name="isSubEnd">false</value>
          <value name="isXPathJoinExpression">false</value>
        </idatacodable>
      </array>
    </idatacodable>
    <Date name="timestamp">Mon Mar 26 22:01:11 EDT 2007</Date>
  </record>
</IDataXMLCoder>
