<?xml version="1.0" encoding="UTF-8"?>

<IDataXMLCoder version="1.0">
  <record javaclass="com.wm.data.ISMemDataImpl">
    <idatacodable name="fragment" javaclass="com.wm.app.prt.model.PRTFragmentDef">
      <value name="modelId">pq__o2c/O2CProcessFile_urah</value>
      <value name="modelVersion">1</value>
      <null name="modelName"/>
      <value name="packageName">WmPF_OrderToCash</value>
      <value name="fragmentId">Default</value>
      <value name="focalRole">Focal role</value>
      <value name="triggerName">WmPF_OrderToCash.O2C.O2C_1.Default:transitionTrigger</value>
      <value name="inputTriggerName">WmPF_OrderToCash.O2C.Default:subscriptionTrigger</value>
      <value name="synch">true</value>
      <value name="pubCorrEvents">false</value>
      <value name="minimumLogLevel">5</value>
      <value name="volGlobalData">false</value>
      <value name="usesJMS">false</value>
      <value name="singleServer">true</value>
      <value name="timeoutMs">0</value>
      <null name="timeout"/>
      <value name="processTimeoutMs">0</value>
      <value name="processTimeoutExpr"></value>
      <null name="processTimeoutBusiness"/>
      <value name="processTimeoutType">relative</value>
      <null name="error"/>
      <null name="userProps"/>
      <null name="partnerLinks"/>
      <null name="properties"/>
      <null name="globalVariables"/>
      <null name="businessCalendarAlias"/>
      <array name="steps" type="idatacodable" depth="1">
        <idatacodable javaclass="com.wm.app.prt.model.PRTStepDef">
          <value name="stepId">S69</value>
          <value name="isStart">false</value>
          <value name="isTransactional">false</value>
          <array name="inputs" type="idatacodable" depth="1">
            <idatacodable javaclass="com.wm.app.prt.model.PRTTransitionInputDef">
              <value name="sourceStepId">S66</value>
            </idatacodable>
          </array>
          <value name="servicePackage">WmPF_OrderToCash</value>
          <value name="serviceName">WmPF_OrderToCash.O2C.O2C_1.Default:Select_Carriers___Rate_Shipments</value>
          <array name="outputs" type="idatacodable" depth="1">
            <idatacodable javaclass="com.wm.app.prt.model.PRTTransitionOutputDef">
              <value name="isXpathCond">false</value>
              <value name="targetServerId">Default</value>
              <value name="targetStepId">C94_End</value>
              <null name="pipeKeys"/>
            </idatacodable>
          </array>
          <value name="timeoutMs">0</value>
          <value name="stepTimeoutMs">0</value>
          <value name="timeoutType"></value>
          <value name="stepTimeoutType"></value>
          <value name="retryMax">0</value>
          <value name="stepRetryCount">-1</value>
          <value name="stepRetryInterval">10000</value>
          <value name="isSubEnd">false</value>
          <value name="isXPathJoinExpression">false</value>
        </idatacodable>
        <idatacodable javaclass="com.wm.app.prt.model.PRTStepDef">
          <value name="stepId">C94_End</value>
          <value name="isStart">false</value>
          <value name="isTransactional">false</value>
          <array name="inputs" type="idatacodable" depth="1">
            <idatacodable javaclass="com.wm.app.prt.model.PRTTransitionInputDef">
              <value name="sourceStepId">S69</value>
            </idatacodable>
          </array>
          <value name="servicePackage">WmPF_OrderToCash</value>
          <value name="serviceName">WmPF_OrderToCash.O2C.O2C_1.Default:Plan_Transportation_End</value>
          <array name="outputs" type="idatacodable" depth="1">
            <idatacodable javaclass="com.wm.app.prt.model.PRTTransitionOutputDef">
              <value name="isXpathCond">false</value>
              <value name="targetServerId">Default</value>
              <value name="targetStepId">S78</value>
              <null name="pipeKeys"/>
            </idatacodable>
          </array>
          <value name="timeoutMs">0</value>
          <value name="stepTimeoutMs">0</value>
          <value name="timeoutType">relative</value>
          <value name="stepTimeoutType">relative</value>
          <value name="retryMax">0</value>
          <value name="stepRetryCount">0</value>
          <value name="stepRetryInterval">0</value>
          <value name="isSubEnd">false</value>
          <value name="isXPathJoinExpression">false</value>
        </idatacodable>
        <idatacodable javaclass="com.wm.app.prt.model.PRTStepDef">
          <value name="stepId">S17</value>
          <value name="isStart">false</value>
          <value name="isTransactional">false</value>
          <array name="inputs" type="idatacodable" depth="1">
            <idatacodable javaclass="com.wm.app.prt.model.PRTTransitionInputDef">
              <value name="sourceStepId">S124</value>
            </idatacodable>
          </array>
          <value name="servicePackage">WmPF_OrderToCash</value>
          <value name="serviceName">WmPF_OrderToCash.O2C.O2C_1.Default:Validate_Order</value>
          <array name="outputs" type="idatacodable" depth="1">
            <idatacodable javaclass="com.wm.app.prt.model.PRTTransitionOutputDef">
              <value name="isXpathCond">false</value>
              <value name="targetServerId">Default</value>
              <value name="targetStepId">S24</value>
              <null name="pipeKeys"/>
            </idatacodable>
          </array>
          <value name="timeoutMs">0</value>
          <value name="stepTimeoutMs">0</value>
          <value name="timeoutType"></value>
          <value name="stepTimeoutType">relative</value>
          <value name="retryMax">0</value>
          <value name="stepRetryCount">-1</value>
          <value name="stepRetryInterval">10000</value>
          <value name="isSubEnd">false</value>
          <value name="isXPathJoinExpression">false</value>
        </idatacodable>
        <idatacodable javaclass="com.wm.app.prt.model.PRTStepDef">
          <value name="stepId">S63</value>
          <value name="isStart">false</value>
          <value name="isTransactional">false</value>
          <array name="inputs" type="idatacodable" depth="1">
            <idatacodable javaclass="com.wm.app.prt.model.PRTTransitionInputDef">
              <value name="sourceStepId">S60</value>
            </idatacodable>
          </array>
          <value name="servicePackage">WmPF_OrderToCash</value>
          <value name="serviceName">WmPF_OrderToCash.O2C.O2C_1.Default:Build_Loads</value>
          <array name="outputs" type="idatacodable" depth="1">
            <idatacodable javaclass="com.wm.app.prt.model.PRTTransitionOutputDef">
              <value name="isXpathCond">false</value>
              <value name="targetServerId">Default</value>
              <value name="targetStepId">S66</value>
              <null name="pipeKeys"/>
            </idatacodable>
          </array>
          <value name="timeoutMs">0</value>
          <value name="stepTimeoutMs">0</value>
          <value name="timeoutType"></value>
          <value name="stepTimeoutType">relative</value>
          <value name="retryMax">0</value>
          <value name="stepRetryCount">-1</value>
          <value name="stepRetryInterval">10000</value>
          <value name="isSubEnd">false</value>
          <value name="isXPathJoinExpression">false</value>
        </idatacodable>
        <idatacodable javaclass="com.wm.app.prt.model.PRTStepDef">
          <value name="stepId">S66</value>
          <value name="isStart">false</value>
          <value name="isTransactional">false</value>
          <array name="inputs" type="idatacodable" depth="1">
            <idatacodable javaclass="com.wm.app.prt.model.PRTTransitionInputDef">
              <value name="sourceStepId">S63</value>
            </idatacodable>
          </array>
          <value name="servicePackage">WmPF_OrderToCash</value>
          <value name="serviceName">WmPF_OrderToCash.O2C.O2C_1.Default:Route_Shipments</value>
          <array name="outputs" type="idatacodable" depth="1">
            <idatacodable javaclass="com.wm.app.prt.model.PRTTransitionOutputDef">
              <value name="isXpathCond">false</value>
              <value name="targetServerId">Default</value>
              <value name="targetStepId">S69</value>
              <null name="pipeKeys"/>
            </idatacodable>
          </array>
          <value name="timeoutMs">0</value>
          <value name="stepTimeoutMs">0</value>
          <value name="timeoutType"></value>
          <value name="stepTimeoutType">relative</value>
          <value name="retryMax">0</value>
          <value name="stepRetryCount">-1</value>
          <value name="stepRetryInterval">10000</value>
          <value name="isSubEnd">false</value>
          <value name="isXPathJoinExpression">false</value>
        </idatacodable>
        <idatacodable javaclass="com.wm.app.prt.model.PRTStepDef">
          <value name="stepId">S20</value>
          <value name="isStart">false</value>
          <value name="isTransactional">false</value>
          <array name="inputs" type="idatacodable" depth="1">
            <idatacodable javaclass="com.wm.app.prt.model.PRTTransitionInputDef">
              <value name="sourceStepId">S24</value>
            </idatacodable>
          </array>
          <value name="servicePackage">WmPF_OrderToCash</value>
          <value name="serviceName">WmPF_OrderToCash.O2C.O2C_1.Default:Produce</value>
          <array name="outputs" type="idatacodable" depth="1">
            <idatacodable javaclass="com.wm.app.prt.model.PRTTransitionOutputDef">
              <value name="isXpathCond">false</value>
              <value name="targetServerId">Default</value>
              <value name="targetStepId">S30</value>
              <null name="pipeKeys"/>
            </idatacodable>
          </array>
          <value name="timeoutMs">0</value>
          <value name="stepTimeoutMs">0</value>
          <value name="timeoutType"></value>
          <value name="stepTimeoutType">relative</value>
          <value name="retryMax">0</value>
          <value name="stepRetryCount">-1</value>
          <value name="stepRetryInterval">10000</value>
          <value name="isSubEnd">false</value>
          <value name="isXPathJoinExpression">false</value>
        </idatacodable>
        <idatacodable javaclass="com.wm.app.prt.model.PRTStepDef">
          <value name="stepId">S124</value>
          <value name="isStart">true</value>
          <value name="isTransactional">false</value>
          <array name="inputs" type="idatacodable" depth="1">
            <idatacodable javaclass="com.wm.app.prt.model.PRTPublishedDocInputDef">
              <value name="docName">Order</value>
              <value name="docType">WmPF_OrderToCash.documents:Order</value>
              <value name="filter"></value>
              <value name="subprExit">false</value>
            </idatacodable>
          </array>
          <value name="servicePackage">WmPF_OrderToCash</value>
          <value name="serviceName">WmPF_OrderToCash.O2C.O2C_1.Default:Receive_OrderData</value>
          <array name="outputs" type="idatacodable" depth="1">
            <idatacodable javaclass="com.wm.app.prt.model.PRTTransitionOutputDef">
              <value name="isXpathCond">false</value>
              <value name="targetServerId">Default</value>
              <value name="targetStepId">S17</value>
              <null name="pipeKeys"/>
            </idatacodable>
          </array>
          <value name="timeoutMs">0</value>
          <value name="stepTimeoutMs">0</value>
          <value name="timeoutType"></value>
          <value name="stepTimeoutType">relative</value>
          <value name="retryMax">0</value>
          <value name="stepRetryCount">0</value>
          <value name="stepRetryInterval">0</value>
          <value name="correlService"></value>
          <value name="isSubEnd">false</value>
          <value name="isXPathJoinExpression">false</value>
        </idatacodable>
        <idatacodable javaclass="com.wm.app.prt.model.PRTStepDef">
          <value name="stepId">S24</value>
          <value name="isStart">false</value>
          <value name="isTransactional">false</value>
          <array name="inputs" type="idatacodable" depth="1">
            <idatacodable javaclass="com.wm.app.prt.model.PRTTransitionInputDef">
              <value name="sourceStepId">S17</value>
            </idatacodable>
          </array>
          <array name="logged" type="idatacodable" depth="1">
            <idatacodable javaclass="com.wm.app.prt.model.PRTLoggedFieldDef">
              <value name="docName">Order</value>
              <value name="fieldName">OrderHeader/Plant</value>
              <value name="fieldAlias">OrderHeader/Plant</value>
              <value name="fieldType">0</value>
              <value name="isTN">false</value>
              <value name="isGlobalData">false</value>
            </idatacodable>
            <idatacodable javaclass="com.wm.app.prt.model.PRTLoggedFieldDef">
              <value name="docName">Order</value>
              <value name="fieldName">OrderHeader/OrderCurrency</value>
              <value name="fieldAlias">OrderHeader/OrderCurrency</value>
              <value name="fieldType">0</value>
              <value name="isTN">false</value>
              <value name="isGlobalData">false</value>
            </idatacodable>
            <idatacodable javaclass="com.wm.app.prt.model.PRTLoggedFieldDef">
              <value name="docName">Order</value>
              <value name="fieldName">OrderHeader/OrderDiscountPct</value>
              <value name="fieldAlias">OrderHeader/OrderDiscountPct</value>
              <value name="fieldType">0</value>
              <value name="isTN">false</value>
              <value name="isGlobalData">false</value>
            </idatacodable>
            <idatacodable javaclass="com.wm.app.prt.model.PRTLoggedFieldDef">
              <value name="docName">Order</value>
              <value name="fieldName">OrderHeader/PricingError</value>
              <value name="fieldAlias">OrderHeader/PricingError</value>
              <value name="fieldType">0</value>
              <value name="isTN">false</value>
              <value name="isGlobalData">false</value>
            </idatacodable>
            <idatacodable javaclass="com.wm.app.prt.model.PRTLoggedFieldDef">
              <value name="docName">Order</value>
              <value name="fieldName">ControlData/RoutingData/ErrorCount</value>
              <value name="fieldAlias">ControlData/RoutingData/ErrorCount</value>
              <value name="fieldType">0</value>
              <value name="isTN">false</value>
              <value name="isGlobalData">false</value>
            </idatacodable>
            <idatacodable javaclass="com.wm.app.prt.model.PRTLoggedFieldDef">
              <value name="docName">Order</value>
              <value name="fieldName">ControlData/RoutingData/AutoComplete</value>
              <value name="fieldAlias">ControlData/RoutingData/AutoComplete</value>
              <value name="fieldType">0</value>
              <value name="isTN">false</value>
              <value name="isGlobalData">false</value>
            </idatacodable>
            <idatacodable javaclass="com.wm.app.prt.model.PRTLoggedFieldDef">
              <value name="docName">Order</value>
              <value name="fieldName">DeliveryData/ItemDeliveryQty</value>
              <value name="fieldAlias">DeliveryData/ItemDeliveryQty</value>
              <value name="fieldType">0</value>
              <value name="isTN">false</value>
              <value name="isGlobalData">false</value>
            </idatacodable>
            <idatacodable javaclass="com.wm.app.prt.model.PRTLoggedFieldDef">
              <value name="docName">Order</value>
              <value name="fieldName">OrderHeader/OrderAmount</value>
              <value name="fieldAlias">OrderHeader/OrderAmount</value>
              <value name="fieldType">0</value>
              <value name="isTN">false</value>
              <value name="isGlobalData">false</value>
            </idatacodable>
            <idatacodable javaclass="com.wm.app.prt.model.PRTLoggedFieldDef">
              <value name="docName">Order</value>
              <value name="fieldName">OrderHeader/ValidationError</value>
              <value name="fieldAlias">OrderHeader/ValidationError</value>
              <value name="fieldType">0</value>
              <value name="isTN">false</value>
              <value name="isGlobalData">false</value>
            </idatacodable>
            <idatacodable javaclass="com.wm.app.prt.model.PRTLoggedFieldDef">
              <value name="docName">Order</value>
              <value name="fieldName">OrderHeader/ItemCount</value>
              <value name="fieldAlias">OrderHeader/ItemCount</value>
              <value name="fieldType">0</value>
              <value name="isTN">false</value>
              <value name="isGlobalData">false</value>
            </idatacodable>
            <idatacodable javaclass="com.wm.app.prt.model.PRTLoggedFieldDef">
              <value name="docName">Order</value>
              <value name="fieldName">OrderHeader/SalesState</value>
              <value name="fieldAlias">OrderHeader/SalesState</value>
              <value name="fieldType">0</value>
              <value name="isTN">false</value>
              <value name="isGlobalData">false</value>
            </idatacodable>
            <idatacodable javaclass="com.wm.app.prt.model.PRTLoggedFieldDef">
              <value name="docName">Order</value>
              <value name="fieldName">ControlData/RoutingData/ErrorCode</value>
              <value name="fieldAlias">ControlData/RoutingData/ErrorCode</value>
              <value name="fieldType">0</value>
              <value name="isTN">false</value>
              <value name="isGlobalData">false</value>
            </idatacodable>
            <idatacodable javaclass="com.wm.app.prt.model.PRTLoggedFieldDef">
              <value name="docName">Order</value>
              <value name="fieldName">OrderHeader/CreditError</value>
              <value name="fieldAlias">OrderHeader/CreditError</value>
              <value name="fieldType">0</value>
              <value name="isTN">false</value>
              <value name="isGlobalData">false</value>
            </idatacodable>
            <idatacodable javaclass="com.wm.app.prt.model.PRTLoggedFieldDef">
              <value name="docName">Order</value>
              <value name="fieldName">OrderHeader/OrderTimeSLA</value>
              <value name="fieldAlias">OrderHeader/OrderTimeSLA</value>
              <value name="fieldType">0</value>
              <value name="isTN">false</value>
              <value name="isGlobalData">false</value>
            </idatacodable>
            <idatacodable javaclass="com.wm.app.prt.model.PRTLoggedFieldDef">
              <value name="docName">Order</value>
              <value name="fieldName">OrderHeader/OrderQty</value>
              <value name="fieldAlias">OrderHeader/OrderQty</value>
              <value name="fieldType">0</value>
              <value name="isTN">false</value>
              <value name="isGlobalData">false</value>
            </idatacodable>
            <idatacodable javaclass="com.wm.app.prt.model.PRTLoggedFieldDef">
              <value name="docName">Order</value>
              <value name="fieldName">OrderHeader/Division</value>
              <value name="fieldAlias">OrderHeader/Division</value>
              <value name="fieldType">0</value>
              <value name="isTN">false</value>
              <value name="isGlobalData">false</value>
            </idatacodable>
            <idatacodable javaclass="com.wm.app.prt.model.PRTLoggedFieldDef">
              <value name="docName">Order</value>
              <value name="fieldName">OrderHeader/SalesCountry</value>
              <value name="fieldAlias">OrderHeader/SalesCountry</value>
              <value name="fieldType">0</value>
              <value name="isTN">false</value>
              <value name="isGlobalData">false</value>
            </idatacodable>
            <idatacodable javaclass="com.wm.app.prt.model.PRTLoggedFieldDef">
              <value name="docName">Order</value>
              <value name="fieldName">ControlData/RoutingData/ErrorStatus</value>
              <value name="fieldAlias">ControlData/RoutingData/ErrorStatus</value>
              <value name="fieldType">0</value>
              <value name="isTN">false</value>
              <value name="isGlobalData">false</value>
            </idatacodable>
            <idatacodable javaclass="com.wm.app.prt.model.PRTLoggedFieldDef">
              <value name="docName">Order</value>
              <value name="fieldName">OrderHeader/Channel</value>
              <value name="fieldAlias">OrderHeader/Channel</value>
              <value name="fieldType">0</value>
              <value name="isTN">false</value>
              <value name="isGlobalData">false</value>
            </idatacodable>
            <idatacodable javaclass="com.wm.app.prt.model.PRTLoggedFieldDef">
              <value name="docName">Order</value>
              <value name="fieldName">ControlData/RoutingData/ErrorType</value>
              <value name="fieldAlias">ControlData/RoutingData/ErrorType</value>
              <value name="fieldType">0</value>
              <value name="isTN">false</value>
              <value name="isGlobalData">false</value>
            </idatacodable>
            <idatacodable javaclass="com.wm.app.prt.model.PRTLoggedFieldDef">
              <value name="docName">Order</value>
              <value name="fieldName">DeliveryData/ShippingPoint</value>
              <value name="fieldAlias">DeliveryData/ShippingPoint</value>
              <value name="fieldType">0</value>
              <value name="isTN">false</value>
              <value name="isGlobalData">false</value>
            </idatacodable>
            <idatacodable javaclass="com.wm.app.prt.model.PRTLoggedFieldDef">
              <value name="docName">Order</value>
              <value name="fieldName">OrderHeader/OrderCount</value>
              <value name="fieldAlias">OrderHeader/OrderCount</value>
              <value name="fieldType">0</value>
              <value name="isTN">false</value>
              <value name="isGlobalData">false</value>
            </idatacodable>
            <idatacodable javaclass="com.wm.app.prt.model.PRTLoggedFieldDef">
              <value name="docName">Order</value>
              <value name="fieldName">OrderHeader/CustomerType</value>
              <value name="fieldAlias">OrderHeader/CustomerType</value>
              <value name="fieldType">0</value>
              <value name="isTN">false</value>
              <value name="isGlobalData">false</value>
            </idatacodable>
            <idatacodable javaclass="com.wm.app.prt.model.PRTLoggedFieldDef">
              <value name="docName">Order</value>
              <value name="fieldName">OrderHeader/CustomerName</value>
              <value name="fieldAlias">OrderHeader/CustomerName</value>
              <value name="fieldType">0</value>
              <value name="isTN">false</value>
              <value name="isGlobalData">false</value>
            </idatacodable>
            <idatacodable javaclass="com.wm.app.prt.model.PRTLoggedFieldDef">
              <value name="docName">Order</value>
              <value name="fieldName">OrderHeader/SalesRegion</value>
              <value name="fieldAlias">OrderHeader/SalesRegion</value>
              <value name="fieldType">0</value>
              <value name="isTN">false</value>
              <value name="isGlobalData">false</value>
            </idatacodable>
            <idatacodable javaclass="com.wm.app.prt.model.PRTLoggedFieldDef">
              <value name="docName">Order</value>
              <value name="fieldName">OrderHeader/OrderStatus</value>
              <value name="fieldAlias">OrderHeader/OrderStatus</value>
              <value name="fieldType">0</value>
              <value name="isTN">false</value>
              <value name="isGlobalData">false</value>
            </idatacodable>
            <idatacodable javaclass="com.wm.app.prt.model.PRTLoggedFieldDef">
              <value name="docName">Order</value>
              <value name="fieldName">OrderHeader/SalesCity</value>
              <value name="fieldAlias">OrderHeader/SalesCity</value>
              <value name="fieldType">0</value>
              <value name="isTN">false</value>
              <value name="isGlobalData">false</value>
            </idatacodable>
          </array>
          <value name="servicePackage">WmPF_OrderToCash</value>
          <value name="serviceName">WmPF_OrderToCash.O2C.O2C_1.Default:Promise_Order</value>
          <array name="outputs" type="idatacodable" depth="1">
            <idatacodable javaclass="com.wm.app.prt.model.PRTTransitionOutputDef">
              <value name="isXpathCond">false</value>
              <value name="targetServerId">Default</value>
              <value name="targetStepId">S57</value>
              <null name="pipeKeys"/>
            </idatacodable>
            <idatacodable javaclass="com.wm.app.prt.model.PRTTransitionOutputDef">
              <value name="isXpathCond">false</value>
              <value name="targetServerId">Default</value>
              <value name="targetStepId">C94_Start</value>
              <null name="pipeKeys"/>
            </idatacodable>
            <idatacodable javaclass="com.wm.app.prt.model.PRTTransitionOutputDef">
              <value name="isXpathCond">false</value>
              <value name="targetServerId">Default</value>
              <value name="targetStepId">S20</value>
              <null name="pipeKeys"/>
            </idatacodable>
          </array>
          <value name="timeoutMs">0</value>
          <value name="stepTimeoutMs">0</value>
          <value name="timeoutType"></value>
          <value name="stepTimeoutType">relative</value>
          <value name="retryMax">0</value>
          <value name="stepRetryCount">-1</value>
          <value name="stepRetryInterval">10000</value>
          <value name="isSubEnd">false</value>
          <value name="isXPathJoinExpression">false</value>
        </idatacodable>
        <idatacodable javaclass="com.wm.app.prt.model.PRTStepDef">
          <value name="stepId">S45</value>
          <value name="isStart">false</value>
          <value name="isTransactional">false</value>
          <array name="inputs" type="idatacodable" depth="1">
            <idatacodable javaclass="com.wm.app.prt.model.PRTTransitionInputDef">
              <value name="sourceStepId">S30</value>
            </idatacodable>
          </array>
          <value name="servicePackage">WmPF_OrderToCash</value>
          <value name="serviceName">WmPF_OrderToCash.O2C.O2C_1.Default:Invoice</value>
          <array name="outputs" type="idatacodable" depth="1">
            <idatacodable javaclass="com.wm.app.prt.model.PRTTransitionOutputDef">
              <value name="isXpathCond">false</value>
              <value name="targetServerId">Default</value>
              <value name="targetStepId">S50</value>
              <null name="pipeKeys"/>
            </idatacodable>
          </array>
          <value name="timeoutMs">0</value>
          <value name="stepTimeoutMs">0</value>
          <value name="timeoutType"></value>
          <value name="stepTimeoutType">relative</value>
          <value name="retryMax">0</value>
          <value name="stepRetryCount">-1</value>
          <value name="stepRetryInterval">10000</value>
          <value name="isSubEnd">false</value>
          <value name="isXPathJoinExpression">false</value>
        </idatacodable>
        <idatacodable javaclass="com.wm.app.prt.model.PRTStepDef">
          <value name="stepId">S72</value>
          <value name="isStart">false</value>
          <value name="isTransactional">false</value>
          <array name="inputs" type="idatacodable" depth="1">
            <idatacodable javaclass="com.wm.app.prt.model.PRTTransitionInputDef">
              <value name="sourceStepId">S78</value>
            </idatacodable>
          </array>
          <value name="servicePackage">WmPF_OrderToCash</value>
          <value name="serviceName">WmPF_OrderToCash.O2C.O2C_1.Default:Pack_Product</value>
          <array name="outputs" type="idatacodable" depth="1">
            <idatacodable javaclass="com.wm.app.prt.model.PRTTransitionOutputDef">
              <value name="isXpathCond">false</value>
              <value name="targetServerId">Default</value>
              <value name="targetStepId">S75</value>
              <null name="pipeKeys"/>
            </idatacodable>
          </array>
          <value name="timeoutMs">0</value>
          <value name="stepTimeoutMs">0</value>
          <value name="timeoutType"></value>
          <value name="stepTimeoutType">relative</value>
          <value name="retryMax">0</value>
          <value name="stepRetryCount">-1</value>
          <value name="stepRetryInterval">10000</value>
          <value name="isSubEnd">false</value>
          <value name="isXPathJoinExpression">false</value>
        </idatacodable>
        <idatacodable javaclass="com.wm.app.prt.model.PRTStepDef">
          <value name="stepId">S78</value>
          <value name="isStart">false</value>
          <value name="isTransactional">false</value>
          <array name="inputs" type="idatacodable" depth="1">
            <idatacodable javaclass="com.wm.app.prt.model.PRTTransitionInputDef">
              <value name="sourceStepId">C94_End</value>
            </idatacodable>
          </array>
          <value name="servicePackage">WmPF_OrderToCash</value>
          <value name="serviceName">WmPF_OrderToCash.O2C.O2C_1.Default:Pick_Product</value>
          <array name="outputs" type="idatacodable" depth="1">
            <idatacodable javaclass="com.wm.app.prt.model.PRTTransitionOutputDef">
              <value name="isXpathCond">false</value>
              <value name="targetServerId">Default</value>
              <value name="targetStepId">S72</value>
              <null name="pipeKeys"/>
            </idatacodable>
          </array>
          <value name="timeoutMs">0</value>
          <value name="stepTimeoutMs">0</value>
          <value name="timeoutType"></value>
          <value name="stepTimeoutType">relative</value>
          <value name="retryMax">0</value>
          <value name="stepRetryCount">-1</value>
          <value name="stepRetryInterval">10000</value>
          <value name="isSubEnd">false</value>
          <value name="isXPathJoinExpression">false</value>
        </idatacodable>
        <idatacodable javaclass="com.wm.app.prt.model.PRTStepDef">
          <value name="stepId">S50</value>
          <value name="isStart">false</value>
          <value name="isTransactional">false</value>
          <array name="inputs" type="idatacodable" depth="1">
            <idatacodable javaclass="com.wm.app.prt.model.PRTTransitionInputDef">
              <value name="sourceStepId">S45</value>
            </idatacodable>
          </array>
          <value name="servicePackage">WmPF_OrderToCash</value>
          <value name="serviceName">WmPF_OrderToCash.O2C.O2C_1.Default:Receive_Payment</value>
          <value name="timeoutMs">0</value>
          <value name="stepTimeoutMs">0</value>
          <value name="timeoutType"></value>
          <value name="stepTimeoutType"></value>
          <value name="retryMax">0</value>
          <value name="stepRetryCount">-1</value>
          <value name="stepRetryInterval">10000</value>
          <value name="isSubEnd">false</value>
          <value name="isXPathJoinExpression">false</value>
        </idatacodable>
        <idatacodable javaclass="com.wm.app.prt.model.PRTStepDef">
          <value name="stepId">S57</value>
          <value name="isStart">false</value>
          <value name="isTransactional">false</value>
          <array name="inputs" type="idatacodable" depth="1">
            <idatacodable javaclass="com.wm.app.prt.model.PRTTransitionInputDef">
              <value name="sourceStepId">S24</value>
            </idatacodable>
          </array>
          <value name="servicePackage">WmPF_OrderToCash</value>
          <value name="serviceName">WmPF_OrderToCash.O2C.O2C_1.Default:Release_Order_to_Factory___Supplier</value>
          <value name="timeoutMs">0</value>
          <value name="stepTimeoutMs">0</value>
          <value name="timeoutType"></value>
          <value name="stepTimeoutType"></value>
          <value name="retryMax">0</value>
          <value name="stepRetryCount">-1</value>
          <value name="stepRetryInterval">10000</value>
          <value name="isSubEnd">false</value>
          <value name="isXPathJoinExpression">false</value>
        </idatacodable>
        <idatacodable javaclass="com.wm.app.prt.model.PRTStepDef">
          <value name="stepId">S75</value>
          <value name="isStart">false</value>
          <value name="isTransactional">false</value>
          <array name="inputs" type="idatacodable" depth="1">
            <idatacodable javaclass="com.wm.app.prt.model.PRTTransitionInputDef">
              <value name="sourceStepId">S72</value>
            </idatacodable>
          </array>
          <value name="servicePackage">WmPF_OrderToCash</value>
          <value name="serviceName">WmPF_OrderToCash.O2C.O2C_1.Default:Load_Vehicle___Generate_Shipping_Documentation</value>
          <array name="outputs" type="idatacodable" depth="1">
            <idatacodable javaclass="com.wm.app.prt.model.PRTTransitionOutputDef">
              <value name="isXpathCond">false</value>
              <value name="targetServerId">Default</value>
              <value name="targetStepId">S30</value>
              <null name="pipeKeys"/>
            </idatacodable>
          </array>
          <value name="timeoutMs">0</value>
          <value name="stepTimeoutMs">0</value>
          <value name="timeoutType"></value>
          <value name="stepTimeoutType">relative</value>
          <value name="retryMax">0</value>
          <value name="stepRetryCount">-1</value>
          <value name="stepRetryInterval">10000</value>
          <value name="isSubEnd">false</value>
          <value name="isXPathJoinExpression">false</value>
        </idatacodable>
        <idatacodable javaclass="com.wm.app.prt.model.PRTStepDef">
          <value name="stepId">C94_Start</value>
          <value name="isStart">false</value>
          <value name="isTransactional">false</value>
          <array name="inputs" type="idatacodable" depth="1">
            <idatacodable javaclass="com.wm.app.prt.model.PRTTransitionInputDef">
              <value name="sourceStepId">S24</value>
            </idatacodable>
          </array>
          <value name="servicePackage">WmPF_OrderToCash</value>
          <value name="serviceName">WmPF_OrderToCash.O2C.O2C_1.Default:Plan_Transportation_Start</value>
          <array name="outputs" type="idatacodable" depth="1">
            <idatacodable javaclass="com.wm.app.prt.model.PRTTransitionOutputDef">
              <value name="isXpathCond">false</value>
              <value name="targetServerId">Default</value>
              <value name="targetStepId">S60</value>
              <null name="pipeKeys"/>
            </idatacodable>
          </array>
          <value name="timeoutMs">0</value>
          <value name="stepTimeoutMs">0</value>
          <value name="timeoutType"></value>
          <value name="stepTimeoutType"></value>
          <value name="retryMax">0</value>
          <value name="stepRetryCount">0</value>
          <value name="stepRetryInterval">0</value>
          <value name="isSubEnd">false</value>
          <value name="isXPathJoinExpression">false</value>
        </idatacodable>
        <idatacodable javaclass="com.wm.app.prt.model.PRTStepDef">
          <value name="stepId">S30</value>
          <value name="isStart">false</value>
          <value name="isTransactional">false</value>
          <value name="joinExpression">(xor:pq__o2c.O2CProcessFile_urah-272892814 TX-FROM-S75 TX-FROM-S20)</value>
          <array name="inputs" type="idatacodable" depth="1">
            <idatacodable javaclass="com.wm.app.prt.model.PRTTransitionInputDef">
              <value name="sourceStepId">S75</value>
            </idatacodable>
            <idatacodable javaclass="com.wm.app.prt.model.PRTTransitionInputDef">
              <value name="sourceStepId">S20</value>
            </idatacodable>
          </array>
          <value name="servicePackage">WmPF_OrderToCash</value>
          <value name="serviceName">WmPF_OrderToCash.O2C.O2C_1.Default:Ship</value>
          <array name="outputs" type="idatacodable" depth="1">
            <idatacodable javaclass="com.wm.app.prt.model.PRTTransitionOutputDef">
              <value name="isXpathCond">false</value>
              <value name="targetServerId">Default</value>
              <value name="targetStepId">S45</value>
              <null name="pipeKeys"/>
            </idatacodable>
          </array>
          <value name="timeoutMs">0</value>
          <value name="stepTimeoutMs">0</value>
          <value name="timeoutType">relative</value>
          <value name="stepTimeoutType">relative</value>
          <value name="retryMax">0</value>
          <value name="stepRetryCount">-1</value>
          <value name="stepRetryInterval">10000</value>
          <value name="isSubEnd">false</value>
          <value name="isXPathJoinExpression">false</value>
        </idatacodable>
        <idatacodable javaclass="com.wm.app.prt.model.PRTStepDef">
          <value name="stepId">S60</value>
          <value name="isStart">false</value>
          <value name="isTransactional">false</value>
          <array name="inputs" type="idatacodable" depth="1">
            <idatacodable javaclass="com.wm.app.prt.model.PRTTransitionInputDef">
              <value name="sourceStepId">C94_Start</value>
            </idatacodable>
          </array>
          <value name="servicePackage">WmPF_OrderToCash</value>
          <value name="serviceName">WmPF_OrderToCash.O2C.O2C_1.Default:Consolidate_Orders</value>
          <array name="outputs" type="idatacodable" depth="1">
            <idatacodable javaclass="com.wm.app.prt.model.PRTTransitionOutputDef">
              <value name="isXpathCond">false</value>
              <value name="targetServerId">Default</value>
              <value name="targetStepId">S63</value>
              <null name="pipeKeys"/>
            </idatacodable>
          </array>
          <value name="timeoutMs">0</value>
          <value name="stepTimeoutMs">0</value>
          <value name="timeoutType"></value>
          <value name="stepTimeoutType">relative</value>
          <value name="retryMax">0</value>
          <value name="stepRetryCount">-1</value>
          <value name="stepRetryInterval">10000</value>
          <value name="isSubEnd">false</value>
          <value name="isXPathJoinExpression">false</value>
        </idatacodable>
      </array>
    </idatacodable>
    <Date name="timestamp">Tue Nov 13 15:28:55 PST 2007</Date>
  </record>
</IDataXMLCoder>
